txId1,txId2
10278231,163809013
102614111,168218829
163670715,168147351
163830665,163830659
166489983,166489984
168147831,126049772
163687281,41274750
19464327,163678943
163712254,163832330
166073406,163670754
163901553,163901550
163694297,163828447
163593980,163593975
123934633,163817888
163687130,163807970
163701817,163885895
166070349,164412870
167129269,168124206
128622661,163869666
163737480,142542756
163586440,142611854
165862490,166082754
165875954,165876294
56939285,168175194
163629829,163629834
163586165,163896734
163710146,163867966
165837511,4696912
163681370,164729391
35982595,80352165
163678726,163678530
166494896,163817917
163595946,163670721
34699515,34678097
163592537,163592533
153721293,163810729
6720779,168115131
168103523,166133708
148094014,167711130
161374428,163828447
163592236,163879834
163819495,163819493
105416913,168150942
163670734,133544440
163734016,163734005
168131739,166491722
163651194,163651192
163651952,166489965
163744127,166526770
166495446,163815888
163725991,163832330
163810144,163810481
163866969,163866979
163651196,164122098
163653265,163653264
128930350,20786151
163687919,163687685
166471055,167654663
163584358,166067288
163862205,168158009
136579658,39944519
163704791,163892576
163685462,163685458
4232201,164149211
165853723,165853728
163693743,163804154
163746034,163745884
166072787,164412870
163733966,163846705
69587579,163895318
163682675,163735402
163649282,163687205
165838025,163711545
163824665,163824318
163832323,163832295
165889085,165889086
163889383,163889387
163863527,163863506
22373564,163892460
163708851,163708854
163680382,163828447
163649357,163687584
163705613,163879834
3222249,166080421
163654643,163654533
166077407,166083311
23308684,163804154
42156855,166526770
166502192,168115599
163819776,163821076
163656773,163833384
163896041,166521560
167749853,166508290
163809520,163809013
163802950,163802941
163655547,163655544
163600381,166526431
4232201,164105596
163826396,37018824
163653538,163653536
163693802,163876058
165851172,164186145
163862208,163685462
166507364,167129272
163688505,163805794
163735068,163829977
163654860,163849777
163694210,163879834
23881442,157319250
163815667,163815638
163864640,163864628
13770911,163670753
163666646,163666652
163710140,163867966
168113708,168114003
166071318,166071322
165867231,163652365
163829174,163828447
163734088,163734076
163692451,163692459
163708422,163708425
163734922,163735631
163654552,163654533
164376970,166081729
163883199,163879834
163650091,163832331
163864986,163865134
163810601,163832295
163591389,163701821
31822981,163843547
163618979,163858834
163670735,163670571
163901909,163901912
163705924,163832320
163864817,163908343
75486120,163909216
97748671,163809013
165857579,163681988
163655918,163832330
163889968,163889959
163729578,165837192
164089672,163704813
163680706,163689937
163653145,163653048
165869274,163909490
84810,163867656
168116453,168116458
163653384,166490471
163651610,163651655
163666641,163666646
166499687,163817810
48202347,36587040
163833405,163834061
130004858,163809013
165890823,163670753
163650318,163826181
163711925,163867629
166133896,44138313
163737228,166505853
165837192,165837200
163737480,163737483
163649658,164122932
168218244,168218829
164760770,58371716
165848745,56985667
60066228,163733131
165838723,165838725
103912881,163820063
163734390,163734386
163830204,163828447
20791995,163807949
163705416,163824318
23308684,166508233
163721266,164292724
163666652,6926891
163676593,163676870
166519193,166814046
165850175,163585655
163886867,163886862
163734086,163734076
163849752,163893301
163806321,163806318
166065753,92643357
11797016,163867271
163708457,163828447
163867302,163867307
163707933,163843547
163708854,163846705
163832332,163832295
163689241,163867639
164118555,163832331
165850728,165851219
163705671,163804154
163652625,163652623
165857579,163823983
168165737,164903664
163819487,163819491
165837296,165853601
166075224,166509615
163825493,163824318
163832320,163832295
163737476,163808132
163809512,163809013
163585504,166081947
166072790,56397284
163654675,163654533
163631039,91665078
163683471,48863516
163631048,91665078
163708046,40937342
166519455,166519459
166507034,163832331
165858806,163649282
166503565,163849777
163680706,163680641
163810179,163810174
168146459,163733137
163683426,163683422
163852015,163864986
163711931,163809013
163821039,163821046
163804070,163804064
163825901,163841651
3327892,163700497
163804176,163892565
163694204,163876058
163710822,163895010
163862205,163862197
163818556,163867308
163832302,163891960
18896540,163654683
166067290,166489775
163694362,163879834
165852466,165568526
164110525,164115043
163725955,163832330
163803267,163802964
166073413,168143553
163712096,163895324
163896720,163896715
71547938,163653384
163680382,163680381
167475635,168141773
163670761,163670571
163654494,163886847
163593268,163818884
163854927,163854863
163830859,37018827
165858806,164775806
163657487,163657343
163833200,37018824
76587400,163879834
166040404,166499765
165906938,45776222
163591929,166082730
163704814,163704809
163653413,163863506
168148018,168148121
163861849,163887041
163670751,163670571
4232201,164105600
165888745,163682688
166071657,166072716
166070829,123702356
164906982,163649661
163810144,163810138
60620004,166071311
163673271,163830655
163631040,91665078
166096260,164412870
163704800,22373564
168134633,166494223
163686861,163686853
89263148,163802964
163616196,163670753
163804228,163804154
163815915,163866327
166498550,163817909
163886868,163886862
164336108,163664747
166522290,17158862
163737466,163737471
133009636,163804154
163667266,163667268
165848936,102406630
163804219,163804154
1341288,163668325
163878888,167162925
48779720,168156339
168156339,168156344
166091544,163670754
163889333,163889337
163652664,163834891
163867984,163867987
168147032,167124959
168154711,168158046
163678499,163678494
167743090,168124222
163808990,163808988
163711906,163846705
163694303,163879834
163804211,163804154
168139081,149197183
165851137,168182457
163693802,166507368
163656783,29332666
163654352,163654351
163668317,126378923
163668284,163668288
163700213,163843547
163621517,163621792
163714177,164124769
163720270,163720276
163671498,163671702
166499778,165573067
22391109,163654208
163866795,163866804
40944235,163832330
163709296,163804154
163846534,163908343
163680715,163680708
36760824,163863506
163585083,163670753
163900852,163902065
163593267,163720270
166069187,166069189
163720706,163720718
163814311,163814309
163696161,163879834
165849358,165849361
166502192,166502190
163883175,163879834
163650398,164117279
6836757,166509079
163909222,163909216
163889332,163889333
163846816,163846705
163734090,163734076
163662273,163662271
163596675,163596671
163824011,163824015
163652126,164771575
163657206,163657331
166098936,163683436
163883202,163879834
165844514,166068445
10278231,163711539
163669687,163669681
163804196,163804154
166502154,163832322
163746885,163887041
163586072,163896345
163663435,163663439
163659135,76314205
164124386,165840288
163600142,166094983
166066589,166066761
61691532,17942794
163585330,163585334
4232201,163854863
163746374,163828447
163720724,163720727
163727789,163864137
26754128,163823983
166499035,166499045
163867964,163867656
2714208,163663743
166519495,166519503
165336901,166540249
163866979,163866990
40619074,163673579
163691580,163828447
1180975,35419254
163816739,163821513
163707980,163893106
163734081,163734076
165892973,163654648
163741657,163833376
165888492,165888740
40944235,163687924
163839400,163839398
163747718,104268693
41777563,163879834
165888449,163670753
164291327,163670752
163711168,163711162
34707685,163804154
163817917,163817916
132218385,163879834
163707755,163879834
163734085,163734076
163585805,128080915
163734386,112060346
165851409,166071304
163804159,166487083
163679001,163862197
165851203,166071624
165902961,166809579
163821035,163821039
163593975,159939687
163709050,163803275
29060121,163670571
163692776,163692769
163717332,163804154
163654651,163654533
65678682,163909216
166519471,166519484
163902010,163902018
166499058,163839400
163601735,166487424
166540281,164757455
163670717,163903518
163803275,163802964
163894699,1009587
163867969,163867656
164461872,163683424
163829977,163828447
134211942,163668317
163803062,163802964
163683938,163849747
163625022,163670754
74126238,74110144
100569388,163826182
143028918,163804665
163833322,163867970
163736510,163737221
164099729,168218453
163681364,163681360
165837793,165853728
165851697,22914809
5565278,163866965
163814245,163814240
163810481,163810476
163687924,163687920
163889344,163889350
163670722,166852509
104640764,163825905
163711162,164123282
163585943,163585945
163591637,163879834
163597294,13637362
163830655,163830653
166540645,166540652
163654536,163654533
163715137,163832330
166073779,163683043
167703048,168116373
21839266,167124770
163706231,163706212
163598108,163598103
147015550,163876058
163706233,163876058
163649644,16590509
166105136,163673319
163883187,163879834
164759409,168140474
281804,17287179
163687221,168123410
163628608,163628528
163715557,163865630
165888463,165888468
168115283,168115291
163885895,163893314
163649917,163649829
163585653,163585815
168118995,163823983
163885559,163888946
163631099,163631096
165897483,163721266
163825942,163825937
163804174,163804154
168116419,167163252
163720373,123032420
163705069,163824318
61456753,163902749
163708179,163708185
163804155,163804154
166070334,163687127
73479470,163823983
106602401,166505809
163651202,163651196
163631036,91665078
163816154,163866733
163705580,163705639
163655083,163832330
163585333,163585330
166180993,164888209
164774996,163650589
163691266,163886867
163695439,163849777
85695228,126634312
165869211,163803281
41274750,163808006
163885252,163885242
163676352,163676322
164161372,163660043
163803275,163887041
163586982,163708888
163654677,163654533
163702159,163702431
166093184,163678953
163829995,163828447
163863519,163863506
166553268,70414767
164885660,142865403
52589260,163822784
163592438,163701821
46532857,166071657
163686853,163808012
163709050,163802964
58676068,163819129
10278231,163705606
163821769,52589260
168156073,168156077
84271970,165848926
18231431,163744129
163688728,164122932
168148455,168148462
163887134,163887041
163660046,166498374
166494923,163816734
165837495,164774996
163592545,163670753
163834047,163834052
163827525,29608735
163631031,91665078
163810146,163810495
49915365,9498399
163893315,163893320
163737573,163904434
163823404,96491400
163720719,163720722
48863516,13588765
163803800,163803798
166096552,163654677
168146419,168146434
163711902,163711906
22381999,163804154
168104624,168116429
70419328,163673271
166094108,164099720
163803266,163802964
163892569,163892595
168151803,163666397
166073137,166073406
163815360,163865422
163693560,163876058
163839400,163841110
165849400,166500126
163804108,163804078
163823439,96491400
163808022,163867656
163862241,163862239
163883188,163879834
163693756,163843547
163688503,163688501
163815175,163815172
163833121,163884616
3327952,168218829
163590029,163829637
163680641,163841634
163806533,163865148
6236717,163808014
163596680,163596671
166092954,167124770
165902503,163650155
163591610,163708439
163696161,163695830
163893314,163893315
163685501,163875378
166500059,166500061
163702431,163702754
168115131,168115134
163670721,163670571
168141712,168141717
166072716,163670754
43878665,165849931
165212069,165888462
163808022,163893335
166099745,164412870
163820081,113860175
163805794,163805791
18230029,18231431
163631029,91665078
163712243,163712250
163598122,163598118
163804112,163804110
163687685,163804154
163891336,163891329
85695228,163802964
163589260,166507355
166082553,163705583
163656817,163656813
166087075,163687924
163809958,163809952
18896540,163654813
163822979,163822985
163714948,163802964
165837505,165837508
149197183,168139088
163833390,163833385
163694323,163843547
165841038,165853723
3222249,168174688
163707849,163843547
165837095,165837099
163892593,10287910
165847489,163721544
102406630,165849160
163803799,163803798
56347861,163885895
163802948,163802941
163825279,163824318
166084016,134617269
164110531,164122933
163830621,163868034
8843271,89336633
163653264,163803800
87945740,163896044
163743281,163743352
166489965,164760770
163721533,163895306
163720786,163826182
1183087,163852331
22849278,163814869
163672190,163672196
163653266,163653264
163825489,163824318
163601219,163829174
163826643,163887041
104375518,164759409
163814690,163814688
163585945,163585954
163652662,163807964
163698781,163888774
163600375,163721571
163828785,163828447
167741837,167129271
163676322,163828447
164288835,164096836
163889356,63646976
165871061,163631024
168116433,164773533
163709471,125711425
166067458,163651194
166075249,168103523
129380123,163879834
168218822,168218829
163726970,166526770
163831763,70795692
164465995,163804169
163658888,22876976
75748249,163807977
163687968,163862526
163825901,163824318
163585815,36709425
168138775,168145293
165853623,166082162
163714169,105908710
166507048,163832331
163652487,163865755
166074569,47221517
166093169,166495530
76047143,163909485
4696912,165840743
163652653,163652652
165848884,163670746
42156855,163865708
43856101,163687205
10280742,163823983
165214605,163670754
163591915,163591911
28352616,163909216
163631034,91665078
163707470,164729391
163652664,163652662
163882815,163879834
163721571,163842321
163670755,163670571
163815670,163818203
165840288,165840296
163707825,163879834
165837290,165837296
163687322,163687317
164912078,163650155
168148446,168148452
163737241,20791995
163731094,163863800
166065669,163654346
18896540,163620145
163591917,163865263
163670718,163712096
163817848,163866724
163670715,163670571
126049772,128930350
163867252,48033507
167129276,166507364
163814695,163814697
163650578,80352164
165850175,166079431
120986951,163586117
113903857,163891643
165849361,165849366
163596683,163596671
163862200,163862197
163740425,65307093
163804238,163886868
163686859,168113699
163654670,163654533
163709462,163846705
18896540,1180975
163667090,163667091
163808152,163808151
163826854,163826643
163663670,140078444
163890769,163891643
165849931,165849935
163846271,163843547
163893328,166540240
163652680,10273387
37349738,71692883
163747162,163804154
166526122,168132347
163686906,163686905
165847451,163680715
163585967,163586066
164435117,163893328
163656824,163656819
163806336,163806340
100569388,163686871
80352161,163591989
163810601,163810598
166491753,163810144
163810474,163832295
163869970,163815667
165837508,165837509
163585355,168117086
163675084,163809013
10206666,163903518
166003662,53253914
163588513,163670754
125711425,163893610
163656365,163808917
163650408,163650411
17942794,166499386
163585805,163886377
163823180,163866795
165856403,168194819
163709296,163887041
36587040,35982595
19596186,163876058
166071311,166071315
163654834,163654832
163649658,163804108
163591857,163591800
167163719,167163747
165862490,168173722
163603447,166089884
36727322,57134700
166540652,166540661
168129820,167171369
163686906,163804154
165903308,45776222
163737483,163841125
163704813,163704809
163685236,4288021
163734922,163838939
166071612,166071629
166491700,163808903
166069787,168117086
163819498,163866331
137500782,163665821
163670746,163670571
163814240,163908343
163700261,163879834
163822560,141627663
163708185,163708411
163593980,163803266
163700491,3327892
165853692,163722651
52034554,163682682
163694477,163694471
91031425,163869669
163855781,163867656
165837800,163653145
45477458,163650155
163817587,85425122
163597291,163597286
166507352,166507351
163653262,163653260
163867597,163867600
166526117,166526110
164774193,164097575
163819491,163820034
163720276,163900664
80352049,163683437
22376572,51762733
163653270,163653268
166508767,166508724
163705416,163889706
10278231,163826643
163828687,166442655
10278231,163823470
163711168,163654672
163694339,166514005
163603438,163662545
168148124,19678231
166066761,166526118
163661961,163661960
166507355,166507354
163711906,163712238
3222249,167124770
163707984,163707980
163589307,163823983
163832310,166491753
163864995,59128486
165838602,164122933
163691273,163879834
163713842,164124950
163743252,163912578
163591909,163591907
168209335,166521553
166493578,22849278
15254893,163822545
163654828,163836068
163683434,163824318
163666394,163819812
166526122,166526110
163684540,49915365
163705062,163890528
167745972,166872803
163737221,163737228
166499393,166499589
163705584,163828447
89336633,163656773
163701804,163701824
167163747,168192758
70996995,163832330
163823205,163867656
163850444,163908343
161249782,163879834
163652361,163896719
163735891,163736467
166073558,168149320
163629331,163629344
166540900,164161060
163737459,163737466
163655544,163862515
166073438,168156317
166073030,163832331
56939285,10061423
19678231,166003662
163823442,96491400
56397264,168139044
163675072,163652468
163691551,163824318
168140433,167475635
163649290,163802964
163620822,163809013
163699539,163700265
164883476,163649805
163654969,163654968
163704823,163704820
163664301,163664299
163805242,163805240
163699182,163804154
38746157,165212067
163655535,163832330
163829171,163828447
13770911,168166465
163649811,163649810
163714277,166526770
163878900,163876058
163584363,166067458
164097575,166499749
163585800,165212067
56985667,167609696
163722294,163653044
51762733,42156855
10286026,163824001
163701129,163701124
163830209,163867656
166072794,166073482
163654225,163832330
163705642,163705646
168113293,29060121
163654661,163654533
163656384,64230444
163650155,163650151
85779820,163896787
164888228,168109739
163650328,163874276
163652748,163832330
163735631,163735891
163708431,163804154
163670750,163670571
163724390,166526770
163651955,163806795
166540671,166540900
168218467,168218829
163677944,163842004
163651266,163806321
166507413,2731703
23308684,34707685
71286541,168140213
163819520,163819758
4288021,30929782
165902641,166075249
163745042,163804154
163653273,163849777
163806318,163867656
165844269,164775806
163734021,163734005
163883186,163879834
87074471,163886453
165880337,163829284
165837200,166069123
166072207,168149151
167163252,167163719
163808001,163807997
163585489,77097691
75096762,163824318
163815888,163815885
163867967,163867656
163746034,163815861
163909230,163909216
104140908,165858359
163631096,164122933
168116219,167703048
168116219,163670725
163813938,163908343
164091412,164729391
163632995,168173722
163652675,163652672
136579658,163654680
163599645,166090127
166540320,166540325
97272778,163828447
163673319,163673316
163705588,163705584
163628615,144210103
163600376,163746034
163585639,163585504
168140441,164161372
163657487,163832330
163705650,163705658
163687209,163687205
163727789,17158862
163663145,163663140
163690252,163886760
166489775,164122098
163909474,163909216
163866960,5565278
112408077,163809013
1180975,79570282
7028169,163832330
163832308,163832295
163685460,163685458
165849631,82883590
165837509,165837511
36495738,163843547
163585663,22822592
163682368,163682358
118415869,163824318
163585337,163726699
163682358,17158862
166071648,46532857
166082779,163670721
163867271,163867276
165885573,163670753
163662246,163661973
166094123,163670721
163587574,163849747
166872803,168115283
165905696,166075249
166526430,163808903
80352164,163832295
146883024,163807993
163724865,166526770
163692769,163828447
163893329,163893326
163673317,163673316
163834042,163834047
163734082,163828447
163678726,163662253
166505861,166505866
163666979,163666977
166082737,163656784
163588426,163826204
163657761,163657757
168116219,168116407
163704026,163886862
163704565,163892367
163834737,13545666
163654807,163654533
121010140,163862423
163687222,163687205
163694920,163694918
163692451,163699534
166499589,163815428
163652707,163832330
163685465,163685458
166635078,46639218
163809264,163809013
53166627,163843547
163584880,163584885
163850281,163902743
163700501,163700506
163902065,163902069
163685236,163824318
163654688,163654533
168116458,168116524
168112953,163649317
99628983,163657761
14833419,163585648
44234367,163879834
112408077,163678514
106665238,163822794
76314205,163819495
163816956,163818570
163829161,163707984
166518329,163824014
163587333,166074569
22822592,163863506
163586089,163694471
163867295,163867298
163736507,163736510
166094108,163692159
168118048,168118053
163823445,96491400
163693788,163876058
22389187,163833376
168147730,168147735
163663743,163869970
48254863,163670730
109073920,163843547
163889674,163889681
163810729,163886422
163664747,163832331
43947468,163802964
165862477,163654643
166081729,168218248
163902376,163902374
163714196,163802964
166074365,163670754
163622199,163622207
163900846,163900843
163821548,163821765
163832331,10273393
165862468,163692776
168105524,164412093
163711545,165838034
163585800,163679585
165888485,165888491
163597294,166090326
163661697,163664296
165850461,134244855
163707970,163863506
163653389,163653388
163687227,163687233
163649364,163832330
166490486,163808146
163823205,163823209
70254048,163889688
166518548,163886868
163706397,163876058
163664299,163664303
39080155,166499393
166522707,17158862
166490651,163867957
165844275,166075249
163804175,163886202
106602401,19943502
163591617,17158862
166081455,163670721
163706450,163832302
168153454,163663145
163820003,163819996
163654686,163654533
163825848,163824318
163667273,163667278
163707051,163876058
163841634,104151760
167656148,167703052
163591800,163804238
163649805,12387454
166068433,163655547
163652751,163832330
163734658,163734651
166519503,166519508
163613271,163679585
163734026,163734005
163804166,163824318
167703052,168113380
163701821,163708420
32335495,163879834
168135949,168135951
163804156,163804154
163736486,38782212
163655156,163805781
163823178,163871658
163824001,163824007
163588426,163670753
4232201,163868069
163807961,163807959
138291239,163896819
166072898,166073030
21012317,163879834
168209127,168209335
163884689,163884616
163695462,164110003
163655017,163879834
163704565,85695493
167747606,167129269
163592451,165890815
165849653,165849656
163847353,163908343
46174058,163653546
163865716,163865711
13770911,168176011
63646976,37604172
163886847,96491400
163682682,29477492
163673261,163902378
163700497,163700501
41461991,166094108
164897453,166133698
163695439,163886303
163726301,163726299
10285053,163653618
10278231,10280742
7550395,5369311
163584338,163694471
163670721,10273344
56984588,163866340
165837487,165837495
163804166,163828447
138726915,163822979
163722625,163722632
165849369,75528333
168116387,168116391
22391109,163654998
163862204,164357082
163711891,163711898
37018827,163671671
168137630,56986273
163680377,163680370
163650151,163803799
163649913,163649829
166495460,22851887
163810476,163810482
163686905,163862846
163823449,96491400
163586124,166072898
94138728,153721293
163665821,163820003
163886836,96491400
163585824,163670753
165576250,163832331
163600647,163600646
22391109,2806723
163650155,163863506
168148519,168148527
163814877,163814875
163670718,163670571
166499053,70496823
163722651,167707051
163703139,163703148
8354236,166519189
163726295,166526770
4288021,163804154
163806008,163806006
164775645,165838602
163694371,163879834
163881140,163879834
168139100,168139106
163822794,163822797
163885895,163885892
163704245,163704239
168115307,168115309
163691877,163885895
130004858,163824318
143344533,10278231
163826181,7871966
14584458,168147829
164775638,163688509
163621152,163621153
163591905,163591899
168150557,2714208
163584758,166068433
166066507,166066581
166499147,166499286
163833182,163867656
165549056,163806278
163734651,163734913
7122827,163879834
14995616,163832330
166072207,166095408
163693834,163804154
163832328,163832295
163714645,163832331
163661973,103913009
163597286,165550359
163668288,163896720
163667318,163667324
163804175,163804154
163654642,163654533
36544650,163828447
163709296,163828447
281804,163810198
165837156,164887249
22376572,163654229
168103503,168103541
85779820,163835927
163707754,163876058
166496103,166496110
34678097,10207696
163687216,163687205
163584321,163879834
163586130,135600096
152112024,163819487
165840723,164774726
98992940,163586130
166499775,166499778
168125717,167741837
166080458,163837300
163700490,163700489
163867970,163867984
163901986,163901993
166144824,163832331
163734010,163734005
13205119,165841021
163595299,166090127
163704797,163704800
163586072,30022545
18230959,164889229
165848926,84271972
165850598,118119566
123032420,163720682
56346905,1183087
163715071,163832330
163600375,163600142
163804172,163804154
168156317,168156322
163687291,163687288
168218829,168219103
163711859,163711856
163706239,163876058
163691580,163824419
165853639,163833376
163655580,163655576
56097013,163865497
163818685,163818694
163654662,163654533
163700261,166505799
165848911,168143561
163656742,164729391
168110124,168110390
163687229,168112604
61680761,52530044
163690519,133751208
168145293,168145541
165847632,163654685
163655550,146883024
163649354,163649352
55722540,10286026
163694197,163876058
163584152,96491400
165856391,168195224
163809517,163809013
163899635,80352180
163841722,163908343
56939285,163681364
165837099,165837104
134244855,165850598
163584351,163584347
163828687,163656384
29767411,163670753
163889688,163889699
84810,163869666
163668297,163668293
165848926,166500118
163867639,163867633
168126054,168126059
163670737,163670571
46085970,165849645
94802971,168173722
163679001,163678997
163600380,163843547
163901590,103616056
163686853,19754522
164885121,168218829
166490471,166490474
163806515,163806529
166096806,163823983
163729898,163809013
163835353,163835349
163652365,163652361
163687945,163804428
163687288,163687292
163670744,163670571
84810,163869090
164357082,163666979
168148533,168148537
136123519,141627708
163676353,163676322
168156333,37348641
163590901,163707965
165853728,165867321
163867922,163867656
163832305,163832295
84172327,163852331
163856331,163856330
163880106,163879834
22377161,23308684
163802981,163901590
163806006,146170876
163708828,163832330
163705069,163890535
163657766,163670571
163708162,163828447
163807979,163807974
163592537,168128300
165852398,19505460
166087075,163650155
163681635,163832331
63387239,163802964
10206666,61091332
164883259,168112953
163704820,163804215
163721551,163721548
163707465,163883424
10206666,163841537
166540615,166540622
58371716,164145499
163909482,163909216
165856403,165856764
76395632,163867656
163586435,164099729
163631012,91665078
163697222,163886392
27844437,61319754
163734651,163834737
166104688,163670754
163737459,166509068
65409904,163650091
163714174,163714177
163815371,163815368
166526118,166526110
133751208,163830659
1241223,163893625
163687584,163862571
10206666,163832320
163654804,163654533
163841677,163868462
163818325,163818425
118362088,165849631
13588765,163895350
163653043,163653040
165372630,164304525
68922112,168218829
163885226,163885224
53253914,168148439
163886758,163886453
163694484,164906957
163846705,163885559
163655150,163655146
163649282,163649277
163625308,163673317
164775633,166066507
166101014,163670721
23784216,163879834
163820078,163820081
165892031,164903662
64401399,163687960
163688004,163862241
163825980,7871966
163711931,164122360
21839266,163628898
165849617,118362088
163710822,163832330
165205805,163670722
163670727,163670571
165860780,168218829
165837475,163585333
10278231,163721551
163631028,91665078
163814941,163814935
163716475,23740576
163833401,71523694
164772434,163814311
163654553,163654533
163806795,163806787
4232201,166078864
13770911,163604528
163597286,163597294
40937342,163804176
163584762,163584758
163734090,168122867
166070889,168117086
163687941,163807968
163809695,163894700
163816153,163875349
166074488,163677143
163585377,128622641
163803044,163802964
165893340,163804160
163889337,163889344
163852756,163887041
163651600,163651595
163715557,166527434
10287910,163892595
163704239,163824118
66070348,163806553
163653543,163808034
138414274,163832305
163651605,163651610
163704764,163704565
163867922,10285053
163704845,163891336
168156357,168156369
163807999,163807997
168118053,163721730
168156369,163664301
104658263,163879834
163806330,163806336
166519520,7321787
163584923,168117086
168124224,167071589
163687233,163687205
166080421,66291565
163687221,163687205
168146434,168147730
168209110,167987269
166073771,168117086
163653037,163809013
165041888,168218829
18231431,163821023
22391109,163826182
163595008,166509204
166090346,163734658
163736486,163736496
163734928,163741220
163649661,163649658
23433442,163807987
166521553,168209935
163657331,163658888
2715007,163838996
163802946,163802941
163654342,163895350
163591917,163704026
163705606,164110003
163706212,163832330
163631022,91665078
123851419,113903857
163655544,17158862
163708761,163829651
163657763,163815868
165903326,164903662
164883205,165838308
167745413,167155623
164774726,165840737
163708431,163829628
163720682,163720688
163654972,163832330
163656784,163656773
163815723,163846705
163588435,163829174
163902376,166074488
6836757,163829664
165853608,165890493
18896540,163654664
163832306,163832295
163860640,163860637
60653830,168146772
163708765,163824975
165111516,166519543
165852701,166075249
163901975,163901981
163862207,163862197
163909229,163909232
163818929,163818938
168150942,163667084
2715007,163809013
163585224,168117086
166495493,56989524
163586382,17763829
165853639,163676351
168143553,168146419
163631017,91665078
56346905,163654842
163733667,163869666
76997241,163833376
163885824,166519445
163804166,163804154
163671702,163671931
80994863,163620916
163653270,168114309
163704797,163885895
163666638,163666641
163688505,163804664
6926891,163666656
27844437,163804154
165848390,164903662
163814943,163815697
163911438,70235152
166073898,35419241
163708851,163846705
163591937,163596671
163585377,163886377
163631030,91665078
18231431,163734005
163862202,168115594
163808143,163808147
163889264,163889326
163708417,163892449
19943502,60573005
165853608,163629181
163707967,163707957
163829639,163828447
163809087,163809013
165366666,164336108
32922975,163899635
163705424,163843547
163656784,163676593
166105136,168105524
163707845,163828447
163735171,164156071
163832314,163832295
163746865,163746860
130248559,163822560
163670746,42399890
163810614,96491400
20808326,163670753
163705639,163705642
163805795,163805791
163817909,61464523
163596680,164107008
163711902,163832330
166509204,163832320
40733287,166500087
163705924,15768398
163804180,163804154
163691262,163691257
163653542,61320697
163710829,69587579
166522245,17158862
132539360,163814887
163803844,163803838
77097691,163653379
165867316,139616084
163841110,62477028
166527582,163832332
163824975,163824318
163654658,163654533
166073458,165372630
163708457,163889968
163584360,163584358
163655146,163809534
163705611,165857464
163670755,163864996
163809279,163032
163829284,163828447
41823907,163824318
163591937,163591934
60573005,163836403
163631413,167124770
163591931,163591929
163600142,30919230
163585494,163585489
166072886,137500782
163893618,163893625
163866206,163866204
166501849,163811234
64804641,168148018
56475009,163656150
163724636,163824318
163589260,163802964
2947415,105908710
163652640,163832330
163809801,166471052
163668300,163815908
166518551,163886868
163815908,163815905
163683424,62294139
163618708,163804154
163886393,163886388
163632984,163650155
163818551,163869666
36587040,163897731
163687949,163687945
163695830,163828447
163726157,163802964
113860175,10000476
163807977,163807974
166072474,166072478
163707712,163879834
163584298,163584296
166133698,167656148
112060346,10921083
80352164,163802941
163721539,163721533
163625311,163625308
163655004,163843547
163704800,163708417
165857793,163670753
163676870,128854474
163875355,163875349
163685469,105908710
56939285,166080819
163704849,163704845
163661416,141627204
163650973,163806006
56475009,163875389
163808167,163808166
163822573,163822577
121719168,163852756
166540325,166540331
166071216,163670754
163734658,168175802
163651947,163651952
163832329,163909216
163886843,96491400
26401833,38327782
128622641,163823983
80352177,163650578
163818961,58676068
163653024,163653023
163662253,163662250
165849940,82843249
116585969,163694471
163592728,163711885
166069722,168117086
168129270,167124783
163586489,168163428
163704002,163886230
10273393,10207696
163653262,163832331
128930365,168148470
166069664,123702356
163824019,163824023
163720727,163802981
163808022,163808019
163696161,163858834
163590006,163804154
163839379,163868501
163864628,163867656
164757136,163649809
168071879,163670715
128341238,163824318
163894710,1011690
163805242,163852015
18896540,163654347
77820536,63387233
166072723,166072726
163882837,163879834
131711543,163824318
166489611,166489593
56989524,166498550
163670725,163670571
165888491,165888492
163629178,163629182
18230029,84433977
163712254,163895026
57134700,39080155
163687945,112400096
19464327,163685236
57791389,163875349
163815175,163832331
163825889,163824318
163651142,163650973
163737228,163737235
145395709,89199852
163822797,138726915
163629344,163629395
22391109,163652751
163687205,163804664
168110096,166850774
163832319,163832295
163808845,163867656
163714174,105908710
163889258,163889264
163709050,163828447
168209097,168209105
163902073,59514469
165848394,11942182
163862204,163862197
163725633,166514015
143344533,163653560
168153805,99628983
168156344,71353038
163597329,163818884
163912626,163651262
163676037,78794676
88446830,163824318
164897260,163815402
163818958,163818961
163711545,163711539
165851613,163896606
165852398,164729391
166509197,163655580
10280742,163652664
163729917,17158862
166073035,166073037
2806723,22376572
163864636,163864628
163711158,163832331
163846821,163846705
166072726,166072734
163656417,57172292
13770911,163886780
163720722,163720724
163888946,163888951
164113694,168104556
163595299,163724848
163860637,163860643
163808847,163808845
163592539,163670721
163704823,163804154
163839851,40733287
163703148,163703434
163621792,163621796
163893624,163893618
163886392,163886388
163584891,163584909
103913101,163816185
163694190,163879834
163654538,163654533
166072734,14584458
163824975,163892467
168147739,131614998
163694478,163694471
163625033,84813906
165902586,166075249
166093871,164099720
163802993,163802964
166492424,168158015
163687229,163687205
163862189,163865419
163711168,163670721
163706433,163876058
78348608,163720373
163653264,163852015
163832312,163832295
165182732,168115303
168140474,168149717
164145499,166489981
163734913,163835581
167485802,168110096
163804180,163809013
126378923,1341288
165848917,165848920
168113260,163675072
166532184,16704333
168209105,168209108
165837276,163694484
168123660,166509197
166526121,166526110
163819493,163819498
163846272,163843547
163825898,53596957
163803052,163802964
22389187,18230959
163591591,163828447
168149717,163862204
163809262,163826604
163649916,163649829
163620916,80994857
27844437,26754128
163708411,163708417
29013655,167124770
166071315,166071318
163598122,166100042
163818325,163869666
163725619,163828447
10693489,7550395
163654691,163654533
163631037,91665078
163659132,163659135
163667312,163667314
163696161,163824318
163808012,163808008
163804185,163804154
163670739,163670571
165837178,166075249
163586071,163586072
163819803,163866501
165862059,163706231
163707823,163843547
163631025,91665078
163701142,163841677
163813383,163813379
163892698,163892595
163667314,163667318
163846264,163843547
163709367,163893624
163816966,163866977
163866965,163866969
163895307,163895300
163809088,163809013
163816153,163815933
163694483,163694471
163817787,163866509
163824386,163824318
163687227,163687205
57791389,48655868
165888471,165888475
163822047,100252189
163670756,163670571
63387239,163732076
30504216,167743047
66640302,163824318
163829628,163885846
163806278,163806274
163806544,163868034
167654663,168110077
163869669,166497229
163709376,163886336
163808903,163832295
163820076,163820078
166500087,163815362
164154061,166180993
163668557,163668520
165556848,168110709
163734089,163734076
163817845,163817848
18896540,163654670
168147763,168148513
163592464,163709468
64230444,7028169
163668306,163670571
163694476,163694471
163694364,163879834
163721266,144210103
163656819,164083924
163667084,163667081
163713842,119935610
163833376,163833374
163819767,163819769
163596638,164906982
163705374,163705085
163666430,163666433
163862846,163862839
163588565,166090127
166077407,166077409
78403720,163586165
163832329,163832295
166519194,163826182
163662273,163832331
163822991,163823030
163685462,34706306
163649677,163804112
163814688,163814692
38205777,163663438
121010140,130004858
163590240,168218829
52034554,163654915
166519527,165111516
163650398,163650401
23881442,163865422
163821765,163821769
163650062,163649829
163821521,163821524
168209335,135981286
164114535,164154061
111332716,11113939
163631027,91665078
163695830,163887041
163654685,163654533
163689243,163828447
166499072,166499135
163820034,163820042
163631011,91665078
163650382,163650387
163666426,163666430
163815413,163818929
163889387,142625039
165889849,164917480
163603465,163603455
165858359,163654551
163722632,163722634
76999859,163666105
163592451,164773529
165838308,164775645
168104556,164897453
163824108,163886453
163819794,163869666
51762733,163655108
5099657,163823983
163622803,163623028
163867058,163867248
163681988,168165561
163747881,163832330
164304525,164339682
163862565,163878944
89199852,163867640
166135473,168115333
163672198,163809262
163667259,163667266
166071273,60620004
166066581,163687281
163631100,163852015
163701129,163828447
164902453,168193729
163732076,92139902
4232201,165899067
163651932,163806297
166071244,164500154
163826599,37018824
163822545,79797023
163673320,163809279
163705588,163824318
163693477,163843547
163810474,163810471
163722649,163867960
163664296,163668107
163680715,163804154
61319754,163825969
163700509,163700516
163819135,163819140
163886427,163886422
18231431,22391109
163668107,163668136
163660881,163661413
163683429,163683422
164903664,163830859
163867054,163867055
163700489,163700491
165126137,26628747
163631021,91665078
163670720,163670571
75327270,163818325
128622641,165621408
163828687,158070422
163683434,163683422
163882822,163879834
166500065,165212086
163909224,163909216
163804197,163804154
163654673,163654533
163804215,163804154
135600096,163586382
114539400,163843547
164124387,166133896
168218248,168218467
163586117,163586119
163724858,166526770
163815362,163815360
163703130,163843547
163685442,163832331
163804169,163804154
62082825,168139417
163810123,163908343
165885068,163650592
163677686,163677682
163693811,163885252
4232201,166080284
163691250,163691247
163586106,120986951
163846807,166507953
124876736,150117254
163694254,163824318
163705625,163708425
1180975,46174058
56939285,166073776
163714169,164124950
163803275,163824318
163729979,163869666
163654915,163680347
48863516,163824318
163825855,163824318
166493103,163817587
78794676,163833401
163591792,163879834
163703148,163896041
163902002,163902010
163803277,163802964
163677143,163676890
168128621,163687949
163585504,164099729
163884689,163673579
163592456,163824318
163883159,163879834
163692464,163824318
163889681,70254048
163655914,163832331
163585655,168173722
163694258,163876058
167655354,168123648
89065103,163802964
163823030,163823175
163733667,163904732
168116448,168116453
164113701,163686859
163654652,163654533
166872250,164113692
10278231,163856443
163670722,163670571
163832314,163863483
163719190,163720183
163829714,163828447
166071329,166071333
163711898,163711901
168124215,167743090
163686858,163686853
165867316,165867321
166067288,163714914
25290724,163879834
167720156,168138716
168110077,163686858
166133708,166215938
92643357,92643368
163598123,163670736
163825942,163867959
166086846,164412870
163814697,163866226
163694356,163876058
163584741,20178361
70015681,163667978
163833319,163833322
163677682,163803008
163654217,163808172
163806313,163865179
168171669,163823983
164141993,168104624
165888449,56227025
163686831,163832330
163688501,163803800
163652675,163657324
163708173,163828447
163829664,163828447
163584296,166509204
167058340,166526122
163598122,163693155
163672471,163824386
163707240,163879834
16705329,163802964
163625017,164883476
163821046,163821533
165902586,163655428
163711925,12098831
163700506,163700509
163631047,91665078
168116407,168116414
168147735,168147739
163649317,163649314
166100042,163655085
163591925,166075224
163902378,163902374
21830916,163808003
18230029,163649644
51762733,163683404
163586150,163846822
163888774,163888769
165858396,166509204
166067290,17158862
163841110,166499072
163653560,163837299
163694471,164110003
138291239,88765986
163696166,80352164
163692159,163692156
163650401,163652126
163701500,163701804
163687216,166491617
163852060,163852015
165212591,168115323
165837460,165837464
163821527,78010795
163656417,163681643
163683981,163683938
163683981,163806804
27844437,53260637
163688012,163688004
163584342,163856480
163591792,28335362
163709050,163804154
27844437,163677663
163596682,163596671
163585489,167149656
168124222,168124224
163700478,163846705
165844265,163673319
163746038,163831763
163589357,163589353
163663135,163846705
163714122,163714117
29767411,164902453
28533266,163843547
163592544,163670721
165849392,165849395
4232201,168173722
163584909,163842011
163885824,163885819
163721730,163721728
163893328,163893326
163700259,163700258
163854255,163852756
163829637,163828447
168113380,168113382
164096836,166496373
163708442,163828447
163586160,116599983
166497229,163816842
3222249,163677652
47221517,163871732
22851887,20780467
165857562,164412870
163708179,163888918
163585655,163585653
163808006,163808003
163804159,163804154
163618979,163618708
19498457,13817698
163654828,163654827
10206666,49763328
56227025,165888456
163885875,163885872
163824419,163890789
163700463,163700471
138742593,168071879
58621744,163862205
165850447,84271971
163653037,163653035
163598103,163911438
37349738,163869666
166082162,163670754
166066511,45508425
163585377,166811788
163737488,62488229
163902018,163902025
16703326,163824318
163681988,163681982
163656791,163656773
163835214,105193822
163653144,163823983
163700810,163700819
163586119,163586124
164090044,60730273
10273387,163656365
163609028,166074356
163707809,163879834
128622641,163653265
163655146,163804664
166540305,163835353
163708783,163708782
164110152,4656658
166133709,168116448
67711554,163909216
163834045,163834042
27210820,163667259
104268693,163863506
163854863,163884383
163810129,163810123
163664296,163875349
168114322,163809801
163810179,163841659
163734390,163679001
166073965,163670754
163829628,163828447
166083307,165041888
163745884,163746038
163706376,163828447
27844437,166080287
163654909,163654905
163830653,163902379
131661785,163708425
166501654,164113694
46174058,163723110
167743519,163670739
163633048,163884383
163803296,163887041
166503561,163849777
59798177,163843547
163654663,163654533
163711887,163711891
163802941,163867656
163816842,93603337
163693737,163843547
163815374,75327270
165844265,166075249
163819758,163819767
163654958,163879834
163707708,163843547
163694907,163876058
163817888,136742990
163709376,163828447
166073413,26628747
128854474,163833390
163819796,163819794
163705085,163828447
163654905,163832331
163654549,163654533
163654813,163654533
165849395,165849399
166081953,164354707
165849657,124876736
163721553,6322513
29767411,168183083
166499045,166499051
48517010,163843547
163010789,163804154
163693766,163879834
163701124,163828447
163654551,163654533
163866995,163867004
163649805,163687941
163805804,163805799
165837104,165837275
163829708,163828447
36587040,163803590
163711901,163711902
165889086,165889088
163652653,165039955
163654351,163832330
163589773,163843547
163809262,163809013
166081723,166083307
163625036,84813906
22391109,163828447
163667978,163667986
163653546,163832330
13770911,165804298
163584288,163654346
148821651,168195251
3222249,164099729
163584271,163707967
6836757,166514304
163631045,91665078
163649809,163649807
163695404,163843547
168124185,164110152
165862468,165890482
134617269,168018171
163804238,163804154
163670730,163670571
85695216,126634312
163625022,163625017
163822268,15254893
14797820,163824318
166072883,168173722
163652465,76568476
25855613,163867656
166494223,163814921
163666413,163832331
163707830,163804154
163732076,163824318
163707248,163876058
56939285,163868032
163901993,163902002
98309038,163830659
166072883,163661939
163746860,164180865
166499286,61691532
45429928,163686871
163650387,163650389
168129811,168129820
163733981,163849777
122524248,168148842
163586446,163879834
163734084,163734076
163585196,163707967
163705932,163876058
163824114,163824108
163707465,163879834
163693770,163828447
168124206,163856331
163631104,163631100
163837300,163837299
163585030,166492276
163656787,163656773
160151526,60066228
166068433,167124770
163826208,163826205
167129272,168126045
167171369,5577545
165888740,165888745
163706420,163843547
163584968,168117086
163669686,163669681
163867307,163867589
84434593,163691877
165902641,167071587
163667307,163667312
163809510,163809013
163843547,163887041
163653500,163653499
13588765,22377951
163809952,163867656
163708860,163886453
163662250,163816965
163867589,124314892
165838733,163584298
163806010,163806006
163653909,163653803
163824318,163887041
163701489,163701500
166499685,166499687
130004858,48202347
163806007,163806006
2947415,22381999
165906336,163804664
163651595,163651938
163736467,163839297
163622460,163622803
163635936,159890798
37348641,163661697
163596674,163596671
163818938,103912881
163650646,163650578
163819129,163819135
163584885,163584913
163704864,163879834
28381511,163908343
163699545,163879834
163691027,8118124
168138770,168138775
163846278,163843547
163895307,168114343
165844529,163722294
48202347,163838955
163704764,163818884
74110144,74126575
166540300,166540305
163706440,163879834
163809271,36828290
165903360,160151526
163903519,163903518
163708054,163804175
164320068,163651608
163722294,31961529
163803278,163802964
163592545,163710833
163655131,163804154
163704247,163879834
163809278,166144824
163736482,163840359
84271972,165848933
112485870,163804664
163832316,163832295
164897260,26628747
163909229,163909216
163654809,163654533
163651655,163651932
166096274,164412870
163711547,163711539
164115974,63471281
163733138,163733131
163725633,163875349
163654690,163654533
163695830,163824318
163649357,163649352
163586165,163586167
163654998,163832330
4288021,163806006
163665821,163832330
142317103,43878665
49763328,22377161
163832305,166540645
163683043,163683002
163820042,163869666
168110087,166860053
168110390,164113697
163708429,163828447
88765986,163872596
163821541,163821548
163694335,163804154
163735402,163908023
165850173,165850175
163816734,163816730
166519508,107617367
166508290,62492389
119568448,163889674
10273387,163734005
164759410,168138770
163736476,163736482
168115296,165182732
163807993,163807990
163586466,163879834
163654548,163654533
163726579,163832330
105278333,166553268
163848023,163908343
168209110,168209127
163846822,163846705
163834052,163834057
163864383,163867656
163654650,163654533
163804182,163804154
9485086,163802964
166493095,164083924
165838725,165838729
163591610,163722294
163730238,166526770
163649644,17204966
70795692,166540213
163733131,163814941
167609696,168137630
163653499,163832331
163584347,166067290
89336633,56475009
163705914,163876058
166073037,166073137
163708047,163804154
163911437,70235152
163819769,163819773
163609032,163609028
166503114,163687210
163904434,56482777
168112608,168112612
163889262,163889258
163711925,163808992
166499749,166499753
163586169,62181913
163708781,163708780
165850457,165850461
163687281,17158862
163705634,163824318
163707984,163824318
16705333,163824318
131115043,163891970
163700219,163879834
163654639,163654533
163663140,134211942
128622641,73689157
166073406,166073411
163710833,163710829
140339050,163843547
163631020,91665078
163701108,163828447
163656848,163832330
163818425,163818427
163655916,163655914
166067288,163651202
46174058,163832323
166073779,166518551
163586160,164099729
163687248,163687239
168112604,168112608
166071322,166071329
163901635,163901640
165837296,159890798
165857476,163687222
163809278,163809013
26401833,167124770
116901759,163896606
163885250,163885242
154578521,163649805
163882828,163879834
163715559,163715557
163826204,163826185
165849366,165849369
163832302,163832295
168116219,168128618
166519459,166519464
128622661,163841603
166519543,166519548
163660041,163660046
164887249,80352164
163815723,163815718
163891329,163891337
4232201,163670753
165838890,163631029
167194345,163666413
163895010,163895004
165849400,165804294
163846811,163846705
163654814,163654533
165802042,166093871
163889326,163889332
163683437,163683422
40944235,163650155
165851666,163585218
163808146,163808143
164775030,164885660
163599343,17204966
163704791,163708185
163585269,168117086
163707943,163879834
166494896,164729391
163711859,163670754
3222249,163846705
168116219,168116387
165851219,166071298
163737471,163737476
163862173,128828534
165906919,45776222
164929680,168148550
165849935,165849938
136579658,163654646
165840743,13205119
163654535,163654533
163662545,132539360
163655576,163655582
163854450,163854445
163830860,163804155
163585034,163585030
165848884,163823983
163826216,163826396
166501654,80352164
26854161,163677944
163823457,96491400
163656781,163656773
163586078,98992940
6322513,166488962
165892031,166073566
89414169,163585504
168114309,167751587
163813915,163813420
163829697,163828447
163586440,123702356
165315577,165860514
46639218,163705625
163620418,163804154
4232201,163631049
12257608,163802964
97468138,163654640
103913009,163815910
163586417,163586423
168116453,166881718
166499770,166499775
165041882,168218829
166071298,168141712
22381999,18908943
166215938,165040856
163705642,163830621
163656845,103913101
163704788,163704789
168123648,166872250
163654539,163654533
163803008,163802964
163662276,163804154
163815371,166529472
165856391,165856396
38327782,163632487
163707821,163879834
163809534,163809528
163655902,148821651
168219115,163700490
163854378,163852756
144708548,166505861
117848527,163823983
163682688,165888750
163694339,163879834
163721605,163832330
163880779,163824669
163705611,163705606
166846683,168114322
165838602,165838607
166071624,166868749
22381999,163865277
163650587,163650578
166076279,164149211
168149151,168156073
128622661,163867656
163741657,164138775
163692156,163692160
163743352,163900846
163831763,163831761
163692776,163824318
165841380,6720779
163846807,163846705
25855613,163891329
163854971,163584893
164318296,163721262
163612845,163670721
164381748,164412870
167748859,71547938
19464327,163681357
163687973,163687968
163650413,163650415
163654540,163654533
48634174,163867278
166490481,166490486
163731090,163869666
163687248,163832330
163711912,163809695
165869274,168162716
163654346,163654342
144435268,96491400
55945825,168148834
76965280,163651266
163653048,163804077
134282647,163887041
166501659,166501658
26401833,168173722
163867957,163867656
18908943,163908343
163737241,163737459
168139417,168139421
166744127,163676867
166081077,163650592
163651223,163886784
165853136,164122933
165851155,166073554
163673579,163809013
166081953,168218829
163886866,163886862
163691027,166491668
163601735,163670753
166488975,164114535
166071333,166071612
164500154,168153805
163707251,163843547
163621810,163622199
163867966,163867656
163889688,163889693
163586406,163586417
165838019,165867316
164906957,165837290
163685460,163816530
71353038,168156357
163889387,163889485
60730273,163652640
163896042,166521556
163652913,163806006
74110981,164122098
163846927,163908343
163862839,163879267
62706952,163891329
163909233,163909216
163823945,163823940
163803275,163828447
3222249,62447974
163654679,163654533
163652629,163652627
163807960,163807959
163652680,163652677
163743252,163849777
163730475,17158862
168147351,167745413
166509197,163832320
163670719,163670571
73978619,163629829
163691272,163691266
163599349,163670754
69589434,163843547
168148474,167194345
163849752,163849747
163805791,163865419
163703434,166519430
166084016,163692159
163632168,163804219
10273344,34699515
168115599,163651600
165847489,163649679
163654976,163843547
166072716,166072723
163651938,163651941
166508723,163825848
163734022,163734005
163649915,163649829
163628528,163649282
168112612,163687316
163888951,163888956
168146775,168147032
163703448,163828447
90864225,163879834
163868021,133544440
163864640,163687973
165889088,165212084
163670753,19464327
163822784,106665238
163802988,163802964
163654664,163654533
163822985,163822991
163629395,73978619
163804155,148094014
163822036,163822032
165838729,165838733
166069553,123702356
165850453,165850457
71023170,163819796
163734015,163734005
165906967,163670753
136452699,163802964
165745879,166075249
163696161,163887041
8940681,163828447
163654545,163654533
163713646,163828447
163683426,163821009
165837501,165837505
163728100,163824318
163707754,166506026
165837473,165837475
5167400,163865631
79797023,130248559
29060121,163804154
163676351,163676322
166072909,48254863
166082737,166519189
165887934,163670754
163687210,163687229
163704479,163843547
166082541,166103829
163666458,166493578
163867966,163893642
10285053,8843271
19505460,1116757
163901981,163901986
163654969,163810601
163651192,163806317
163713840,7871966
163654672,163654533
163652629,37349738
163883164,163879834
165851165,166071259
163693155,25855613
13770911,166032217
163814867,163815374
163867636,163824114
163824118,163824108
163698781,163832331
166071624,164149211
142611854,163652707
163666433,163666458
163671931,166501849
163895306,163895300
165849656,165849657
163867640,163867633
35072504,163876058
168149743,105416913
163810146,163867656
163664541,163666426
163652629,163809013
77153281,163651947
163864995,163864993
166072704,66070348
165837464,165837487
163691588,163691580
163806278,163869666
3222249,163823983
163909490,163909216
163807974,163865476
168148470,168148474
163818694,163818702
165212086,164096838
163696161,163828447
163687999,163687995
163654683,163654533
163591872,163802964
163882816,163879834
163809279,163809013
163673579,163673320
166495457,166495460
165888492,165903326
163670736,163670571
163900664,163900663
51828013,163849777
163691250,163804154
163650328,163650398
168219105,3327977
9498399,10207696
165907172,164917480
163711162,163832330
163806340,163806344
163709367,163846705
165848933,84271973
44093611,163824318
138291239,163802941
163867636,163867633
163826205,163826216
163896720,163819755
163708439,163708431
163631032,91665078
163670571,163832330
141730430,163867054
163883200,163879834
103404404,163650578
163722296,163832330
166084361,163701821
100252189,163822268
163724848,166526770
163683437,168117772
165848748,166093871
165853601,163653503
56939285,166095160
163700819,163700826
165887900,163670753
163653044,163653040
166073491,166073496
164773533,166133709
80352174,163585377
168146772,168146775
163650320,163650318
163830860,163830857
163707720,35072504
164433982,164775030
163693811,164729391
168113267,163721740
116751164,163879834
163676890,163834045
163631024,91665078
163878889,163876058
163806255,163895482
163596464,163823983
163711925,163832295
80994857,163621140
163661960,163661962
165888456,165212069
163687219,167011178
165902302,163670753
163832301,163832295
163687209,168113260
163823175,163823178
27844437,168132289
163865630,163865628
41299111,163832295
70310199,142317103
163808151,56097013
168135850,163655550
163654810,163654533
163721740,59913398
165851137,168145542
163737483,163737488
163592533,163670754
129029213,163862165
163686859,163686853
163635936,163694471
168139421,58621744
163896041,87945740
23881442,163868378
165849650,165849653
17896500,163823983
163709376,163887041
163656124,51242919
166521553,163896042
168139047,168139081
163649660,163649658
163708862,163867633
166540293,166540296
163714117,163808011
163737561,163737573
163835983,163868412
163823178,163823180
163729812,166526770
27331307,168170958
168104211,166501654
163709376,163824318
163803266,163862197
163687995,163828447
76999860,166072696
163831755,163831752
163650646,165838042
163816185,57813871
163687584,163809013
165850116,21627002
163802981,163802964
163657343,56985599
80352177,163804154
165845229,166509204
163886786,163886780
164118555,80352177
166073513,163692159
29060121,163832313
163655139,163804664
163814921,11162476
168143860,163683428
163846809,163846705
163670750,163710822
163591911,166081723
165857464,164887249
163656817,96491400
163819812,163869666
163654963,163876058
104778054,163690262
40948344,163585337
163687219,163687205
163802951,163802941
163818884,168172759
163809263,163809013
163700490,168219117
63387199,163804154
163651202,168171663
163649314,163804070
166081947,166081953
163878892,163876058
166526431,163808903
163829691,163828447
51467082,163867656
163830659,163886453
163705630,163804154
128622641,168181658
163705409,163708804
163804194,163804154
122905585,163828447
163670742,163670571
163731094,163832331
166072704,167124770
163733372,163733131
72562976,163825855
163691247,163804154
163666105,27210820
163804242,163804154
61456753,163908343
163806255,163806252
76568476,163804113
166080425,163726301
168203738,168203742
141782870,163843547
166494915,166494923
166090346,163835675
104640764,163824318
51762733,163652621
163625308,166104398
163592537,168120320
71537027,163687130
163653803,163832330
164124385,166526110
163656848,163656845
165875286,166093156
163821032,163821035
37018824,163833319
163707731,163828447
163892449,163893326
165913239,163670754
84260633,163586106
163807987,163807985
166073568,163733138
166499767,166499770
163596677,163596671
163656787,78794676
163585669,163694918
120068983,163843547
163883196,163879834
163585648,84260633
163737221,166508281
163584321,163823983
166499753,163807961
163807964,163807962
163804199,163804154
163893320,163893326
27331307,163832330
163802964,163887041
163652652,163832330
163712096,163832331
163833374,163833405
163856331,168124215
163670754,22389187
163593268,163593267
163655902,163655901
165863235,163651262
163862515,163862512
163737476,163737480
166802272,168113267
163883187,163811037
7028169,121010140
163832307,163832295
163591634,166518551
163746606,163816541
165858396,168211997
128622641,26628747
168147749,168147755
163736510,163835407
3222249,163631129
163804195,163804154
163856480,163887041
163737471,164509331
163653044,163675073
7337901,163885226
80352177,163828687
163734013,163806255
168144167,38205777
163664303,163664541
166499135,166499142
163852250,163852015
166496110,166497551
163591877,163591872
165906915,45776222
164771795,166093184
163867960,163867656
163667278,163667307
168116524,80352049
128828534,163879354
163650591,163650578
163710827,1009594
26401833,108331153
163822045,163822047
163654909,163832330
163592176,163879834
163588105,164412870
163816525,163818958
4232201,163930663
163815861,163815859
163687301,163803836
168115309,168115313
166540331,163809520
36709425,163585967
163656782,163656773
163832646,163887041
163866990,163866995
163824970,163909216
163808014,163865055
29060121,163830214
163909492,163909216
166487424,164077595
163715559,163837303
163713823,163828447
163669681,164729391
163687205,166488975
163863506,163865126
165838019,166075249
163700516,163700810
168135951,168136405
163701817,163704797
85779820,41239634
168115291,168115296
165837156,164906982
168139044,168139047
165873526,163670753
163589686,168173598
163676322,166504369
163814692,163814695
166509280,163874276
123032607,163673271
166500061,166500065
168158046,163685461
17287179,72997336
163842733,163867656
163874276,1126385
163704820,163804154
163823030,163865055
163629326,163629331
163734082,163734076
45429928,60583596
166084937,166084945
163592460,163592456
163711925,163894699
163830656,163830653
163654911,163832331
77600010,163824318
163808006,163832295
163687309,164771574
163601730,166090127
166491722,166491719
163652627,163832331
163726483,163832331
163584951,168117086
142865403,166540281
144210103,163809279
163832317,163832295
163888956,163888959
163687210,163687205
163854993,92139900
168156077,163656848
166847701,163823983
163584366,167077935
80352161,163885900
163823940,163886377
168148550,55945825
163653503,163653502
163694328,163843547
163651262,163651223
163708768,163708765
163717069,163869666
53253911,168153454
166080425,163670754
166071259,71286541
165902581,164124385
163736482,163736486
166490474,163808152
18231431,163895460
166491719,163832310
163591644,163876058
168113699,168113708
163656129,163849777
166093156,163670721
61464523,56984588
163653147,163849777
163702754,163703135
10278231,163864628
163721537,163721533
168115366,164320068
165847193,163714122
45429928,6814995
163809520,166540615
163668306,163668300
163729613,166526770
168163428,163830860
163824014,163824011
166526118,164888228
84271973,165848936
163668297,163685458
163585508,163585504
163889485,119568448
163585954,163586160
168110709,168129270
163802997,163802964
163652621,163807090
80352164,163818879
103616056,163901635
163885819,163885825
163592724,163670754
84260632,14833419
163707927,164184320
166507962,129744361
163667091,163667244
163737466,22856624
71523694,163833405
22389187,15862547
6836757,163863506
163653560,163653557
34699515,163813379
74619483,163876058
163693780,163879834
163596685,163596671
163867055,163867058
51242919,163867656
163806306,163865175
77820535,85695503
163587333,163902379
163809084,163809013
164339682,165366666
163653388,163832331
163704565,163802964
163589773,163589686
163611871,163911438
163584893,163584891
168139088,167748861
163587099,163587098
163878900,164729391
163723172,163808990
163824954,163824318
166076279,165621409
159939687,78348608
12387454,163807999
163687685,163862173
163828447,163887041
163823408,96491400
163734018,163734005
164885124,168218244
163653275,163653273
163706450,163832330
163707957,5167400
163706212,164772428
165851697,163650591
163650151,163650323
85425122,163817787
132691563,163879834
163591148,168218829
165847451,166084016
56986273,163657487
163653536,163832330
163811227,163811224
56939285,166507962
163670747,163670571
120492444,163879834
163909485,163909216
163654229,163832330
165849399,165849400
163722284,163722625
124314892,163867597
60573005,163818879
166084937,166086630
163729578,163729573
163654653,163654533
168153418,163657730
163652468,163652465
163649814,23433442
165804294,165849609
163603440,163603438
163672196,163672198
163676867,163743281
56985599,166495493
163585085,168117086
163655916,144708548
163631009,91665078
163704788,163885875
163588110,164412870
163628898,20015488
168139106,168139113
166090326,166090346
165849609,165849617
163724858,163903202
163806782,163871732
163592544,163592539
168148834,122524248
141627204,76999859
163809801,163809798
163720698,163720706
163629848,164775633
163597291,166507352
163706206,163876058
168018171,168218829
165040856,80158731
163653268,163831755
163584948,168117086
163825888,163824318
163832310,163832295
42399890,165848914
166513360,164717566
166078864,166493414
166073965,168134128
166502955,163832330
85695228,163833182
163596071,163596070
163656773,163818879
163588569,166090127
3222249,163692159
163700463,163700473
8843271,163734005
163681643,163832331
163816734,163867656
163589353,163804205
163809515,163809013
165849952,165849955
163712262,163895004
165849672,70310199
165855080,163670754
79578850,168140441
163694918,163886758
165863788,29332666
163822032,163867656
163592460,163879834
163819758,163869666
163656813,163814637
163649284,6236717
163806317,163806313
163804166,163886799
127132461,163659132
163707927,163804154
145395710,163865631
165883883,163654543
163810719,96491400
163653275,163654533
163587099,166082541
80352164,163863506
32409670,163670571
163723112,163828447
163683471,163684540
163631042,91665078
163654684,163654533
163700258,163824318
163704809,163832295
163823459,96491400
163650389,164122932
165851369,166072883
163824669,163824318
163587567,163809958
163652692,163802964
164907940,163686855
10285053,163653554
56939285,168166806
166072478,76999860
163728151,163832331
93338465,163670721
163586167,163586169
128080915,168155381
11942182,165849358
163862239,163878928
163587574,163652680
20786151,168148012
163667081,3751344
55300089,163657206
163687233,163804664
163586458,163828447
131115043,163802964
163825903,163824318
166496136,164288835
163821524,163821527
163835675,56835500
163808003,163865476
165849160,10392895
163655099,108382434
163585212,163879834
168116419,168135850
128930359,163666638
163584913,163886377
29767411,163678499
166080287,168205917
163591934,163828447
163706389,163876058
163653381,163832330
163804242,163683429
163721740,168113324
163584913,164110525
163655582,163655904
163629834,163629848
166503027,163832330
163709050,163887041
168124228,168124359
165902662,163649679
165860514,163670754
168115594,166502192
165872857,163600380
165039955,163652675
163649290,163649284
163714912,163714907
163687228,163687205
43081308,163670753
166540115,164435117
56397284,166072794
163867959,163867656
163651941,77153281
36828290,163672188
29477492,163835983
163852004,163852000
163586432,166071273
163592539,163670750
163657757,166495446
163586066,163586069
163655901,46056975
163688509,163688505
163744113,166526770
165838607,165838720
163593267,163835214
163591925,131115043
167077935,168115366
36760824,163867656
168138721,168138727
163803281,163802964
163584909,166069187
163591907,166077407
163708804,163708828
163695830,163803275
166520331,55722540
163820042,163820048
74128228,74110972
165888463,163655902
4232201,167124770
163887120,163887041
163878888,163876058
163708411,163892593
163667986,163667989
163720718,163720719
46174058,163653381
163709728,163824318
163654687,163654533
163631049,91665078
163654812,163654533
163683428,163683422
168148452,168148455
163808903,163808900
163706446,163843547
163717073,163832330
163654817,163654533
1183087,34678097
163832318,8017983
18896540,163867647
163829161,163828447
168140213,57868244
163649679,163649677
168126059,167748859
85695503,85695144
163629181,163629178
166496099,166496103
163819755,163832295
163653503,165853608
82843249,165849947
163650379,163650377
163683436,163683422
163893106,163893045
163819755,163819520
163735402,163869666
166068445,163650155
10207696,163875651
163654671,163654533
163653539,163832330
163706246,163879834
163700185,163879834
163709296,163824318
163710827,163849777
163654550,163654533
164775046,166105136
163829794,163828447
163683432,164895260
3327977,155767318
165888475,165888485
89336633,163723163
163675092,163675090
163867261,11797016
163586167,164099729
163826182,7871966
163588479,166090127
166493082,163832321
168135843,163649290
165849955,165850116
163820048,163821370
52635,163828447
165888468,165888471
37604172,163889383
163862526,163862524
163591617,163591610
163809271,163809013
163592456,163708768
166104131,163650155
168144163,168144167
163709468,163709462
163825490,163824318
139397810,163657766
163708768,163804154
163808167,163909216
163805787,80352164
163654667,163654533
163721539,163714912
163866811,163866814
163832313,163863506
163830859,163830857
163654915,163654911
165889447,163670753
166080458,168135955
56939285,168174961
163584371,76965280
163668293,166493103
56346905,163723172
163889350,163889356
63471281,163705420
168148121,168148124
163621148,163670721
163909232,163909216
166071304,168140433
163806348,163806515
104045069,163675084
165844269,163721544
49763328,163802964
163721269,163830655
163585499,166508767
56472564,164315794
163592537,163670721
163806299,163806306
163681360,57773227
163691257,163892215
163631023,91665078
166496373,164774193
163694218,163843547
165212067,166495718
163721553,163805242
165888996,165888998
163656783,163656773
116599983,78403720
163714867,163846705
27844437,163668557
3144627,163709365
166066511,168104211
163842011,163842008
168116414,168135843
163708439,163824318
164113692,168123660
120380373,163670571
163654676,163654533
165837509,165145717
163687309,163863506
163883177,163879834
163654208,163832330
163705928,163705924
163654816,163654533
163815368,163815670
163824351,163824318
163590006,163680377
163814928,163814932
40944235,163687227
166066761,163650155
163694346,163879834
163685461,163685458
168203738,168218822
85695144,92139900
163803052,163828447
163661413,163661416
163833140,163867656
163895324,163895320
163711546,163711539
163683433,163661961
163889674,163889676
46810203,164183369
163710829,163832330
166850774,165556848
163694279,163804154
163726429,163903186
163596070,166096274
56475009,10206666
63414409,163879834
163888774,163904166
163803270,168103503
163849777,34702565
163683427,163683422
165893893,166084016
163804166,163887041
163591909,165890772
166082541,165041882
163700473,166515571
163652623,163849777
166495530,163809264
163821076,163821078
71920284,163621148
163846831,163846705
163882836,163879834
163806782,163806556
163708765,163804154
18867538,163843547
168124359,163653398
163654921,163843547
19505460,35419513
164096838,163839851
163584296,166066511
165838308,166082553
165878860,168153418
166471052,163895307
163584338,163805787
21839266,29013655
75528333,165849392
167129271,167129276
163692155,163804154
163657726,163816153
166086630,166086658
119138336,163879834
165847193,166075249
163896719,163896715
163806297,163806292
163816541,163832295
165837460,164122932
163808147,163865490
163708162,163708054
38811224,163832331
163814875,163816525
168138716,168138721
163649916,163653543
74110972,163827525
56939285,168201956
166073771,163654352
163653040,163807960
163588561,163885242
163667268,163667273
163623028,163623055
163687127,163687205
165853613,163670720
56939285,163670754
44138313,168110124
163869970,163869666
163815697,163817590
163683002,163683045
163609032,163746606
166093184,163918770
163886760,163886453
163695103,163843547
163666980,166495457
163631041,91665078
167711130,163809271
166092497,163854929
163746860,163832331
163654347,163654342
163651608,163651605
163662271,163813936
163809957,163809952
163819498,163869666
164315794,125394377
163621153,26119367
168113324,163687232
163818551,163818556
163720688,163720698
168155381,168155386
163600380,163600376
163832330,163832295
165844275,163652365
163837302,163837299
163683432,163683422
168103503,168173101
163701824,163702159
1116757,56346905
163631050,91665078
163909483,163909216
165849645,165849650
163813420,163887041
93603337,163816844
168148842,53253911
163654543,163654533
163824410,163824318
167071589,168124228
168125711,168125714
163668136,95324415
166082730,166635078
163839851,18667875
163846000,163843547
163687232,163687205
168116391,168116419
163686908,163803844
163686858,168110087
165840737,165867321
163654811,163654533
163832318,163832295
167124959,168147042
163598118,164122933
163654680,163654533
18231431,163654225
163809695,163809694
165868266,163719191
166540240,165336901
85779820,163898587
168211997,56472564
163829651,163893031
80352174,17944434
163807989,163807985
70231793,166519193
166540213,164435155
104152021,20808326
84271971,165850453
163814917,163814928
168126045,167749853
164903666,166499053
163886784,163886780
4696909,163653144
163650592,163650578
165851179,166503027
163707834,163804154
168134633,163846813
163687957,64401399
8118124,163865631
128341237,163824318
163667088,163667090
163650589,165838025
163657766,163657763
165889849,163721544
163816844,163816956
163631323,163864628
166508767,17204966
163653144,163653048
163811037,163811034
49500538,163879834
163708888,104777595
163804176,163804154
168115313,165212591
163820081,163867656
166489984,134061233
13588765,163811747
164115974,163670717
163585334,163650155
163822577,163867295
10273387,1183087
163808011,163808008
145395467,163704239
163815360,69530715
163711885,163711882
57868244,163668297
163734020,163734005
163825898,163824318
163722651,163722649
163655547,166526110
163829710,163828447
166540622,138414274
165888998,165889085
163683428,168144163
163694484,163694471
163820063,101010110
141627708,163586432
163708781,163824318
41443531,163879834
163867004,76475709
163734082,168173722
163892367,110785549
165838034,163650646
163708871,163808022
69530715,163821032
163824689,163824318
163653618,166490287
163653542,163653539
104777595,163885250
168147042,138742593
163687957,163670754
168139113,30504216
163694475,163694471
163726699,163726695
30919230,166540115
163596678,163596671
163667244,38803182
168145542,167743519
168147755,53253913
163829972,56472837
163720183,163901553
163696161,163876058
168148527,168148533
163699174,163843547
163656742,166490857
163689937,163886868
15560047,163654545
163631323,64351458
163735891,62492429
163585677,166072886
163700259,163828447
163804664,143028918
163585781,166073438
163708442,163829972
163585337,163721544
30022545,163586078
93183233,163810729
163598108,163688012
163683938,19498457
163704815,163843547
165862943,163591909
163709462,153721293
163652680,163744129
163682688,123508661
163650377,163650382
163849752,56701647
10280742,35419251
11417347,139397810
163734913,163734922
39011680,163802964
163816541,163816533
163663438,163663435
163653035,163849777
163824391,163824318
130004858,163863506
166526119,166526110
163806782,164412870
168148513,168148519
18896540,163654808
163683002,166505817
36587040,163862540
163823983,163823981
163816964,163816966
165851172,163670717
165902966,163804664
163600647,163826643
163846813,163846705
163826604,163826599
163586429,136123519
23125171,163828447
166495718,163822036
166073482,166073487
167743047,62082825
163883197,163879834
163596681,163596671
166802272,166503114
163832304,163832295
163737561,163849777
163649356,163826181
46174058,163735171
17763829,163586393
163846276,163843547
163585334,40948344
163677944,163804154
165837275,165837276
163712238,163712243
163814921,163814917
163682682,163716035
166509615,163852004
20619113,88840028
163654648,163654533
163817888,163896345
163687999,163816823
163631014,91665078
165849938,165849940
163707965,163707957
163711158,144435268
163586443,163879834
163694214,163879834
163692149,163804154
163717300,16705329
168148439,168148446
163709050,163824318
163655150,163805787
22376572,13212310
163649829,163849777
163814311,166540320
163880779,163879834
163622456,163622460
166084885,3144627
168113382,164113701
163654973,163654972
165903308,166075249
163862571,163862565
163670740,163670571
10392895,84260632
163806344,163806348
163586097,168146459
163700473,163700478
19464327,163808903
163691257,163828447
163837303,163837299
163705374,163828447
166519471,166519491
163873927,163889262
163867248,163867252
168141773,127132461
163657730,163657726
167124783,168129806
165906930,166075249
163588106,163588105
163655087,163804664
166526124,166526110
163693724,163843547
163587333,163670754
13770911,166869014
2947415,163811227
166070324,163650155
163687232,168113329
163683433,163683422
20783674,163631025
163655095,163849777
163850281,163908343
163888959,163888966
163663145,163670571
166103096,163653266
120197888,163858834
163653023,163832330
42156855,34707685
163721537,163653145
163854971,163854961
163819140,152112024
163724390,163909482
163819773,163819776
163804428,163804423
163882424,163879834
165838042,164883205
101010110,163820070
163666977,163666980
163737235,163737241
163901640,163901905
163651608,163655918
163661962,166499017
163832321,163832295
166070218,163654663
163804077,163804072
163815885,163816818
163659455,163846705
163621153,167954487
165868266,163654642
168115327,166135473
163697222,163849777
163868032,163868028
163699534,163699539
140078444,163663682
163706417,163876058
26119367,61680761
163652625,163825970
163806787,163902163
95324415,163668284
163742254,163846705
163867964,163909216
53253915,128930365
163736496,163736507
163700265,163700463
45496794,163649357
163817808,163817845
163709296,163802964
10273387,70235152
163681641,163681635
163699515,56394471
163819812,163819803
82883590,165850447
163711882,163711887
38803182,166494915
163832298,163832295
163721544,163721533
163802953,163802941
165041873,168203738
165884180,163823983
163653554,108382431
165573067,166500059
163584363,163902163
163824970,163824318
165849947,165849952
163653521,163832330
163699506,163824318
163902069,163902073
166540249,164433982
163816818,163866492
163899635,20619113
166069092,168117086
165848399,166073568
166090326,163854450
163711546,163649811
163866814,163866842
168141717,168150557
166507039,163832331
164885324,168156333
76475709,141730430
163705420,123851419
163654669,163654533
163852057,163852015
163707980,163804154
163667989,166495212
163629182,163629326
168128618,168128621
165885355,167124770
163592451,163592447
166860053,167485802
163669416,163824318
163824007,46175320
18231431,168172793
80352165,32922975
163655131,152418431
166508290,168126054
163745038,7503312
163807994,163807990
163694312,163876058
163807968,163807966
163709729,163886427
163678953,163678950
21627002,165850173
163631013,91665078
163681357,166500123
18230029,168119646
166499019,166499685
163816730,163816739
163603465,163670753
3222249,168173722
167751587,166846683
128341240,163824318
60573005,163896787
7321787,166519527
29767411,168206934
168136405,166507048
165906915,166094413
1183087,163824318
163720373,163902737
145395466,163824108
163846259,163843547
163737235,163836388
163655085,163655083
53253913,168147763
163584264,163670754
63387233,128341237
128341239,163804154
77023761,163804154
163892698,164772185
168148537,164929680
163875351,163875349
168148012,64804641
166073898,164412870
163809264,166496099
84813906,163721539
163815428,163815413
165837200,165837460
163895460,163895350
166526114,166526110
163693796,163879834
41239634,686329
163687214,163687205
163745038,163832331
163896606,163896345
163860643,163867656
163704789,163704791
166502552,163832330
163672188,163672190
166071311,168182845
163895466,163895350
163585218,163585217
130468861,163843547
168123410,167655354
165848914,165848917
163862165,163865086
163649356,163649352
163655429,163685442
163892576,163892569
163591899,164885124
10000476,163822045
163694303,61497789
168219103,168219105
163653523,163653521
104640764,163654980
123851419,164772194
163625023,163625017
166073776,168129086
166081723,166084937
163654533,163832330
168195224,111236031
163658888,163660881
163631099,164117146
166519193,163826182
163603440,163670753
163654832,163802941
163805794,166529253
163705936,163876058
163885872,163892595
163708782,163823945
163805781,163805783
166495212,166498559
163866206,1009583
165840296,165840723
15004677,163670571
25855613,166518329
164435155,164772434
10206666,17158862
168207443,163649814
163669681,5167400
163720727,163720732
163585030,163708888
163823201,163823205
163909226,163909216
163706425,163804195
163656384,163862197
163721544,164124387
163809528,163865137
163661939,123934633
163824115,163824108
166540661,166540671
163591618,163701821
163901912,163901975
163654806,163654533
165853613,165853618
166069189,168124185
166507042,163832331
163591591,163708442
155767318,168219115
163823435,96491400
163592724,163592545
166507048,163656824
163747828,163832330
163660043,163660041
163631015,91665078
165837178,164883476
163705062,163804154
163655904,163865096
168156322,164885324
163620822,163620819
163873927,16705307
168109739,167058340
166519189,163826182
163727160,166526770
163901905,163901909
163664566,164729391
166802272,164883259
168114343,163650379
163846822,163668306
163711866,163894710
166505866,163810179
163834047,163867656
166072787,166072790
52530044,163621517
163708783,166518551
46174058,2947415
163803062,163909216
164283501,71537027
20299563,163909216
163805787,163805783
89336633,163654217
163902377,163902374
163656150,166490441
165902961,163721539
20780467,163814444
80158731,166471055
163670752,163687248
165844529,166075249
163824337,163824318
163700826,163701142
163597329,163740425
163866842,163866960
165902753,166075249
163810604,96491400
163721569,7871966
163602570,164412870
163711866,163849777
163687228,164283501
141627663,163822573
163663682,91031425
163692163,163692451
62181913,166071648
163656789,163656773
107617367,166519520
165837468,165837473
163603455,165201166
165568526,74126238
163670753,163670571
163683424,163683422
163806553,163806544
166073030,166073035
163592451,163670754
163692155,163692149
163821370,163823201
163832324,163832295
163707645,163879834
134061233,163806330
43856101,163862208
163803836,163803832
168115134,167745972
163663104,163670753
165848894,163815175
163591872,7337901
10273387,97717747
163829999,163828447
10273387,163655099
51828013,40426667
65678355,163596671
163804205,163804154
57813871,48634174
163032,163902163
163654660,163654533
96653587,163876058
168209127,23351249
70496823,166499058
58903303,8017983
166499386,36727322
163821533,163821536
163900843,163900852
163862202,163862197
163726429,166526770
163672471,74128228
163667324,163667623
163708046,163828447
163709296,163803275
163707478,163879834
163716475,163826182
163815638,163816154
163814869,163814867
36760824,62725172
168148462,53253915
168113329,163687228
168145541,163683433
52034554,163839281
104640764,163722284
163719191,163719190
163820070,163820072
163867298,163867302
166522823,17158862
163650411,163650413
165801992,166094108
163829972,163828447
166499142,166499147
2731703,163860640
166100729,164412870
163685462,164118555
118119566,163585943
163654968,163832330
165838720,165838723
166071629,166072474
163670717,163670571
3222249,163670753
163693796,163839275
163824419,163824318
163685495,163849777
163659792,163846705
163735631,38782216
163723114,163723112
163649810,163808006
163802951,163839379
168158015,55300089
163596464,164107413
163816965,163816964
163691247,163886060
163813936,163813933
163811234,163826208
163804215,163889971
163655108,163823992
163818553,163818551
163846218,163843547
163585207,163585196
163584893,163823940
163670743,163670571
163586398,163586406
82299577,163879834
163804160,163804154
163677652,163677648
163653396,163653402
106602401,163903518
163591934,163704823
163815910,163815915
163586423,163586426
163664750,163815371
163649352,163890769
163869669,163869666
78771785,163852756
163918770,163849777
163586480,166526431
168129806,168129811
166489981,166489983
166502604,163832330
84810,163862189
163586393,163586398
163806292,163806299
60573005,163835588
10280742,18230029
163883421,163879834
106602401,166527565
168194819,111236030
168147829,168147831
163649805,163687301
168114003,163653270
166489611,17158862
163878903,163876058
163804184,163804154
163876065,163876058
168138727,56397264
163858834,163887041
163670754,163670571
165840737,165841437
51828013,166505857
163705889,163879834
163584370,163584366
29060121,163653268
163909471,163909216
163591605,163879834
40944235,164729391
51828013,125410338
163683431,163683422
10278231,163885841
165888462,165888463
18230029,18062822
166075249,163650155
163711548,163711539
164795873,163837302
163704002,163832330
168195224,168209097
163814637,163854468
163675072,163675069
163687920,163807989
4656658,167747606
165863043,163708888
16704302,126634312
163707939,163843547
165879982,163670753
163714926,163804154
163653402,166490481
164099720,167157547
166519430,166519455
163654655,163654533
163677663,163677658
165212084,80994863
163655254,163655156
16704302,163804154
166519548,163873927
168115303,168115307
163802952,163802941
166083311,165041873
163896042,87945740
163667312,57770601
163591989,163706453
73689157,43856101
163893610,1241223
168172759,166744127
163596732,163824318
166519464,166519471
163670730,163678726
163811234,163811232
163846268,163843547
168209097,168209102
163653572,163896345
166073566,163733372
166492424,166492297
163655001,163832330
163669408,163879834
163832313,163832295
163708420,163708422
26754380,163824318
163596693,112485870
163631019,91665078
163724380,166526770
163673316,163862515
163711158,163866206
163832302,163867656
163592241,163879834
166073487,166073491
163650589,163650578
163591620,163591618
163667623,70015681
165861089,166075249
163815868,111332716
163711901,163832330
3222249,164104950
163817810,163817808
163716035,163716038
168115323,168115327
163584351,165853238
163692769,164111403
165838723,164887249
163654214,163832330
163656824,163734928
166491700,163865716
140496338,163806006
164917487,166075249
29146644,163734005
85695144,163804154
163666652,163832331
163688501,166502263
165872867,166092497
163711912,163807102
163603166,164887249
163592533,163712262
59128486,165841038
163806553,166072787
163808022,166520331
163741276,163833376
163850444,163867656
165876294,163603465
168135843,168135850
131614998,168147749
163653557,163886843
163818427,163818429
92643368,163808900
163591925,163650155
163671671,163671498
166493082,166561528
52034554,123508502
166501659,60653830
163808017,163808014
163613192,163670753
18896540,163824108
163829651,163828447
165838890,163805804
165864157,163708888
163670749,163670571
163663104,163663101
163820072,163820076
165899977,163650592
163832331,163832295
163621796,163621810
163694366,163843547
168209105,168209110
163693818,163828447
163849750,163849747
163687220,163687205
165906919,163675092
41823903,163824318
163805240,163865136
165848390,166071244
168158009,166492424
163809259,163809013
163828687,163828447
20178361,166087075
4232201,163032
163621148,163621152
163664747,163664566
166503114,163849777
163815402,85424176
163631018,91665078
164757455,166540293
163649277,163807977
163909479,163909216
163650389,163650408
163687239,166513360
163585941,163670753
163585233,123702356
163686855,163686853
163695830,163804154
167149656,168135949
166519491,166519495
168155386,163662246
163710833,163670754
163655428,163655425
163821536,163821541
168115333,163862202
166066581,166066589
168125714,168125717
163850960,163908343
165848920,84271970
163585941,168143860
16704333,163824318
163806529,163806533
163654808,163654533
163596679,163596671
163818570,163818685
163896497,163896345
163654678,163654533
163622207,163622456
163862208,163862197
166515571,163885824
168194819,168209097
163807961,166040404
163663439,163663670
166502557,163832330
163834057,163868298
30929720,163734081
38782216,163809013
168149320,168149743
163878890,163876058
163649660,163687205
163670734,163670571
163803275,163804154
165862955,163670753
163657324,163814690
168143561,168151803
163707837,163876058
100046666,163802964
5369311,163869666
163814917,163814923
163705583,163705580
166072898,166089884
104325136,163802964
165888750,165888996
163596684,163596671
166073496,163654828
163705572,163843547
163803270,163802964
27844437,164344010
163592447,163706450
163692160,163692163
163690262,163867640
3751344,163667088
163601735,166105237
163714914,163714907
163650323,163650328
163595740,166090127
56394471,163865631
166500118,166500115
166100055,163692159
168218453,3327952
163726699,163687221
163701821,163701817
29767411,166865274
163585218,165851697
163712262,163849777
74126575,163672471
101118514,163828447
163866804,163866811
54311869,164759410
163692769,163824318
163591939,163879834
163846224,163843547
22376572,163722640
166104096,163825942
163655425,163809802
163807970,163807966
163585024,163707965
163654674,163654533
163714124,163806010
163687127,163686908
166540296,166540300
163687322,163809013
163817590,163866516
163804188,163804154
163882814,163879834
163846226,163843547
163814444,163814943
166802272,163687209
166073554,166502557
51828013,163832331
163586426,163586429
166093156,164183369
13770911,163708185
168117772,168118048
10206666,164891623
163666397,163666394
166076889,163670721
163704789,163892698
163649359,163802964
163892595,163892702
163709365,163709367
163824015,163824019
166507364,20064170
163666413,128930359
163747718,163810474
23308684,163836121
3222249,163688735
163821513,163821521
163654834,163813929
163806274,163865260
163598118,163598123
165841021,163864995
166073411,166073413
163654640,163654533
163670752,163670571
163734013,163734005
166499051,164903666
163701489,163701496
163694193,163879834
163882840,163879834
164113697,166133709
5369311,281804
18230959,10287911
163878891,163876058
168116373,164757136
165875954,163670753
163707815,163879834
163709728,163709725
163586069,163586071
163824386,163833155
129029213,163869666
163806556,163902379
163711547,163852057
163736467,163736476
164115043,168125711
163832322,163832295
163734016,165212582
163846273,163843547
167748861,168139100
27844437,103913099
163833384,163833379
118362087,168154711
163664566,163664750
166499765,166499767
70414767,163802964
166499017,166499019
163829285,163828447
42117319,163828447
165145717,163656784
163707746,163843547
48202347,163852015
76997241,163670754
166494223,91108821
163707047,163879834
163693807,163879834
163631044,91665078
163705646,163705650
163856443,163867647
63387213,163802964
163721730,164773525
163733137,163733131
163721262,144210103
163706453,163832320
163711912,163849777
164775858,163631028
166072696,166072704
163621140,71920284
163726557,163804154
163629829,166067553
80352174,163803266
48033507,163867261
163654646,163654533
165847995,163708783
163683441,163832330
163854929,163854863
163701142,163701489
163586382,168205985
163829702,163828447
19464327,163823983
85695151,163824318
125584983,163879834
12533213,163802964
163887055,163887041
166077120,163670754
163676867,163676593
163712250,163712254
163703135,163703139
163846815,163846705
166526775,166526770
10285053,163652487
150117254,165849672
168116429,168116433
166498559,166499035
163705646,163830621
165858777,163687957
166498374,163818553
104640764,112139801
166073496,167720156
163584884,163584880
163682675,11885227
163670725,168207443
163711541,163711539
21843770,163843547
163804191,163804154
163586492,163586489
163653398,163653396
163687316,163687309
163818884,163818879
163729332,19943502
163886784,164778196
163687291,163804154
163655003,163655001
163685501,163832330
165837498,165837501
163591979,163879834
355126269,355006838
246132693,355236739
355006978,249353907
344033410,355190684
355157609,355368446
355160903,167102034
355009236,355009201
355219007,355237240
355121126,355170344
355009662,91806025
355099347,355099338
355155883,355155821
355006973,355181865
355115463,355159239
355006856,355006850
122409516,355099345
190959281,355160133
355005008,160232394
355176462,355176455
355099267,355153705
153718713,186794227
355166260,355166251
355204419,355204411
355942018,355008619
355005776,122466625
355168068,174898996
355941237,355100385
355011828,355011825
355229424,355229431
355181024,232280825
355948922,355124164
6809486,355180656
355004153,355004152
355006736,174938459
355009240,355009201
355157404,167102034
355310112,355115783
355090829,355090827
164225660,355180061
355195875,355215080
199765829,186322422
355007557,355007365
355297158,355297217
355179739,355089474
355237961,322926181
143363589,355153490
355149175,355944524
355170347,355170344
355003977,355238405
355112645,355154249
355940631,355125646
355218988,355238001
355095678,355095675
355181009,355216253
355100410,355100406
164644810,355153771
355124962,355004366
355005766,355172332
355117938,355121179
297677013,355157154
355216253,355238342
355090218,267034676
355102254,195866813
355160167,186002980
355157414,194574658
141251813,355157433
355099197,355099194
355094137,355237649
31187892,355236748
28361537,195866813
355204421,355204411
355190216,355190221
355109650,355215688
355238066,355098442
355090243,355090242
355217467,200673486
355090148,355090144
28361537,355006827
355204417,355204411
355005653,256593734
355102230,355102228
355121988,355121985
355100939,108310567
355110996,355098181
355096157,347188019
355124275,355005437
355180984,355216668
355169782,355169777
131738945,355160167
355090401,355218838
143435,355198753
355156436,355367999
355181552,205422615
42639719,56654645
355239024,355239029
355120787,355121134
355110526,355999627
355198846,355198753
171417587,355367844
355090810,355090808
355190699,355221691
355009138,173376338
355156678,174898996
355994950,355126284
355138041,355204366
355159400,355168511
355157540,355368096
11235277,135910793
355161169,41796997
355089532,355999485
355157023,167102034
355106433,355106431
344777079,355007628
355156555,355371184
355095339,355157609
355998263,159817356
355106412,355106410
355095715,355095711
355170355,355170352
355206727,355206733
35162161,355215998
322941735,355156509
355003245,139600241
355005689,355182421
355156325,355368060
355219399,212285121
355208624,355109555
53809652,355102171
40038072,355004655
355947161,355995314
355129428,355204058
355107734,355370886
355176461,355176455
355107696,108202629
355204387,355204382
355190258,194854513
28361537,355289715
355009082,355009102
355006917,355180265
53809652,355237997
11214345,355006827
355108499,355108504
355213324,355213341
355108115,355168948
6559316,355371563
355009577,356005386
355004661,355110272
355156778,355168389
355127923,355009063
355128718,355006712
355198302,355198306
355009260,355195168
355173647,355173475
355961059,175311247
355310114,355115783
355225765,355228415
355155549,355168980
355965459,355124250
355100939,58505294
143059570,212860198
355102396,355095303
355132846,355198753
355222062,177530353
27223768,355371467
355189949,103522749
49948079,355095960
355158933,187475042
331617007,117942752
355099305,355157023
355007582,355007581
3369710,228362376
355238326,355099024
355189405,355189404
355310118,355115783
355009730,355110064
355101216,355164733
315956543,290833136
355117936,355164125
355006718,355176455
355090003,355090007
8819305,355124179
355940616,355110314
255588914,355289715
355149231,355149227
187475041,355998241
355004129,355004127
355942012,355127752
355945770,355948031
355164742,355102483
355174750,255653128
355008037,355174807
355216002,355102396
101256738,322941458
355006355,355006338
355008928,355189725
355958549,355135840
212771525,344589840
355955870,355124891
355120644,355120639
355219740,355219738
355106384,355161368
355124068,355006041
155198145,39135216
355218756,355099200
355128653,355128655
355124214,355164742
295879136,355238061
355127415,355098141
355184392,213287984
355089532,355003247
113024405,214297857
29029102,187369365
355190949,355102398
355219477,355236769
316448193,355106774
355112018,355209775
355125981,355156380
355124789,183373404
11214345,355006869
60163852,109254292
355004634,355181047
355004636,355004634
319924220,355159691
355183283,355221985
355117814,355157023
355099158,355099155
293768757,355126641
355007189,355007183
355189907,311347798
355006734,139600241
355099662,355110272
355124249,355190981
355100972,229781002
355110976,355110272
355008923,355008922
6559316,355371481
355163764,355163768
355236769,355098181
355012515,355204043
226277185,355221985
355124910,355006731
355102409,355102388
200428870,355095651
355160460,167102034
355156476,226784994
25422486,355115719
9600450,264800004
355238045,355099256
160056789,355099338
186635243,355096152
355204400,355204388
355238649,355238405
355109655,355109672
221685796,355121990
355965459,355009577
355216272,355238045
355157063,322941453
355110318,355110272
355102403,355110272
355127298,322937810
294489369,355170350
355176459,355176455
355198874,355198866
355213567,164436831
355953320,355100385
355005302,355005299
355099236,355099233
355099638,105246763
355221739,355237639
355126671,220560688
162456611,91973201
218725862,355006381
355109293,355176497
355948675,355009216
355092764,355174807
355188330,355156380
60811145,355239570
355100453,355100444
355230394,355102269
355007100,355007089
355181865,355221985
62949820,356001311
156795980,355006038
355180895,355219039
355110275,355110272
355219371,355237302
355575912,355955798
355154254,355154245
222681617,355009577
355179717,355221985
355102310,355219707
355007259,160230293
355095124,355156752
191609677,355368322
355126261,214198067
355181941,355216002
355221985,355294141
270753665,355121140
174938459,186359097
355940649,182651613
355007173,355007171
355006921,355091804
220904144,213287984
355213341,200673481
355224402,355294141
355157557,355367967
78556179,355370886
355110111,355110115
194287965,309189403
355102402,355102388
355168483,355099179
355095683,355157727
208805313,355004182
333469,355099294
355004890,355180216
355216501,355237159
355961739,355100385
355238058,355095658
355195168,355106418
355110313,355110272
127885084,355098008
353456164,355180868
355007175,355102398
177875070,166464353
145312502,355164125
355149175,187352894
355005311,355182380
229781002,355153360
355003546,355003545
355007171,355181547
355153483,27077748
17298179,355102388
355107694,355157639
355101430,355964206
355127329,355106752
355184437,355110522
355110104,355110107
355124921,173358335
355124227,33433578
355109291,355109288
201110230,355370886
355204250,355204058
355204031,355204022
355002309,226277188
355190925,355102398
355203994,355230654
355007013,355181066
355221868,355237639
355102462,27077748
186380317,355217694
346183134,276714679
227743654,355107106
355241678,355098009
355108869,355165711
355195902,355216675
355198458,355198461
143435,355167227
355190647,355190651
355109650,355109647
355095662,40820176
3624632,355236970
355218959,355237671
355110972,355110272
355163755,154359073
355110616,355110272
232546721,85114852
355216658,355237227
194581614,355157814
11214345,355006381
27223768,355371549
355011077,355011076
5122975,222565628
355090888,355174807
355126295,355005446
355157574,355368449
355095354,355110272
355237705,355289765
355006847,110549870
355957776,355126256
162097721,355009638
355102256,355998055
355010558,355170346
355940729,355124781
355109280,355102469
355009668,355239040
355004180,125487383
355007189,355009598
182348652,355204388
355182399,344589840
173376338,341436579
30775171,355167227
356000961,355010911
355007357,355007354
355100794,33430767
355005458,355005453
193300935,355221839
355998296,198981058
355005447,289827365
355160053,355238028
355124179,355090408
355115828,355115826
355151581,355198753
355941547,355124235
355216018,355238126
355089188,355090946
355008906,355008904
355099221,355099217
355009060,355189940
355004443,355180977
355102268,87165601
221894864,355945909
355223090,18466154
11237156,355237654
355003668,355179997
355004186,355173244
355102417,355245275
355153681,355153679
355009152,355009150
355157727,355368586
355099303,58506451
138664559,355108115
355090401,355090399
222565628,241477156
178776497,355009694
355950777,355950779
355008580,355238405
6559316,355368032
355940695,355124902
308918251,355156476
32550875,45186783
355005681,355005679
355227240,355227237
221439811,11032282
355110981,355110985
355003704,81587795
96285931,215598236
16827115,355004415
355156670,355369527
156676298,175311247
355238061,355098800
355994921,102970496
355198849,355198753
346183134,39847989
215598240,355110272
355007054,135252922
355007578,355174807
192661211,355110272
355221872,355221912
355009183,355238405
355190672,344589840
355094162,175311247
355007584,355238405
355955338,355957088
35162170,33430767
164435033,248930771
355006712,185725699
355159721,355159718
355009940,146159690
355007103,355007101
241477156,182313353
355098545,355098544
355099024,355099021
355222396,170821137
355127289,355195157
355099192,355157648
355181006,355216013
186108514,355110272
355956430,355089483
355172027,176598632
355011644,186325770
355958525,355136904
355009233,355009201
355004642,355004638
355109644,355109640
355099201,355099194
355154272,355154270
355181055,249274363
355952773,355100385
355190248,355190254
355135809,355227245
355006850,355181076
355009231,355009201
355940732,17792694
355009675,178776497
29768684,220973719
355008349,355004182
326939613,355110272
355102245,58507182
355181777,355215721
109437556,156795980
355126279,355004182
355156504,355368434
355110099,355156787
355171941,174898996
355181835,213287984
355124094,355238405
355004887,355004885
355002344,355115779
355099191,160224774
58057334,355095960
355011076,355209805
186325770,154768384
355121985,160462268
355006718,355006381
270265736,355110076
355238037,355099269
355099344,355099338
73003522,355157746
355181543,355216457
355214582,355098142
355124074,9739462
355940987,355124201
355124228,33433578
355090526,355166251
355221814,355236748
355150794,355224402
355107786,355107792
355179864,355179860
13290886,355184328
355102396,355102388
355182105,326939613
355126688,355006726
355124089,355174807
355179444,355179442
355153705,355153708
355101142,355102388
6559316,174898996
355188388,355216489
355089501,355089495
62949820,355179439
355102257,40820307
355007999,289827365
355988183,353456164
355167772,355167769
53809652,355238340
355160122,355160124
355006723,355006381
355008331,355174807
355160021,355159775
355127553,355174807
355237270,266914015
11068271,355157013
13290886,355090065
355127311,355188330
355109609,249771942
355179222,355102398
355108707,148805796
11214345,138199818
355008035,355238405
355098181,264800004
355109288,201337407
229267190,229267191
355996154,355201017
355216473,355168483
355110983,355110272
355007653,355174807
355126257,214198067
27223768,355371552
355110287,355110272
355204252,355204058
355089483,355089477
355216457,355237621
355940971,355124164
355093977,355164125
97543988,355099167
160230244,355006338
355190920,355102398
355153493,202997301
297677013,355154282
140884284,355005302
355008356,355238405
355216659,355110992
192942618,355008334
355109301,170829137
156864654,204458854
127905693,355097982
355090371,355115776
355008936,355188819
308619769,190955997
355006827,355110272
355007218,224416247
355157429,355371851
355209805,355230690
355110276,173856854
355090375,58506757
355941292,355124164
355947161,355947165
355090720,355367748
355110068,355110071
194581614,154061463
355007672,355238405
355102414,355164057
198482808,355369527
355160053,149135916
355124981,355004424
355097997,355097982
355157634,355369150
355008904,355174807
355230467,355154254
355009671,355009675
355010911,191532046
355098179,264800004
197255168,355157023
355161171,355215758
355182105,40820316
355146853,355204058
355179860,355216659
355015148,355179709
355127395,355127393
355121102,355170255
355005777,355090509
355099376,355099372
170829137,34626357
104387718,172160701
355005700,289827365
10927530,355121931
206608761,222592111
355179744,355179739
355184745,355206750
355236723,355095661
6870043,355124240
355953412,355126824
355006889,113024405
355110985,355110272
355167096,355167092
355575918,355149235
163423843,355164125
355204034,355204022
355006900,355181518
355945775,355100385
31228978,355102388
355099377,355099372
11197431,355289785
355008617,355008614
355175612,355174807
355090248,355174807
355176017,355174807
355008619,355214648
355945903,221894864
119254220,355159382
30803752,355221924
355099312,73003522
355028899,289827365
200673341,167102034
355005768,355181002
355100385,355102398
355126066,355994884
355095311,58508576
355109674,355109681
355941268,175311247
29422173,355006381
355216489,355099312
6559316,355371420
202616708,355005658
355112015,355112011
355004666,355004661
355126740,93291542
355006838,355006827
355012549,355204043
355942315,355100385
355181941,221683191
355099346,355099338
355124209,355006720
265984249,355158428
91972516,355102398
105990534,355008567
355106753,355159696
355157792,355157790
355093475,355370886
355099217,191614563
355006713,355006381
355012999,355012986
180219451,355110272
355099233,355157422
265851038,355369854
355006770,355238405
355205761,355205758
355107728,355107727
355109280,355195891
60163852,167102034
355027335,355027323
355095596,40820184
355125671,355006057
160226116,355370886
355005439,355181535
355172695,355172687
16827115,355153422
355006733,139600241
355126284,214354462
355009655,355009659
355004666,355173889
355154952,355369527
355095889,355099281
355126311,355006856
355126069,199473756
32489620,355110314
355136901,355136898
355095889,355095887
355175310,355174807
355095597,150200721
355175641,355174807
355118062,355219718
27223768,355371914
355006039,235325477
355188810,355226977
355110287,355144503
26713916,355153771
355128816,355942876
355160259,355160755
355195850,213287984
245607742,355009730
355940870,355125683
1262280,9600450
10370001,228362376
355118062,355118058
355958549,355373668
355092392,355293540
355005987,355005985
355121990,40820186
355230740,355230735
156529528,355237257
355190927,355102398
355110535,355110272
355204393,355204388
355127044,355130596
355012515,355120787
355214477,355170341
355012909,355102398
355169783,355169777
97323972,355090529
165458295,31968956
170152908,355170430
355009941,355009940
116717049,355221764
328129991,355219362
16827115,155287260
355175620,355174807
355110888,355110272
355153460,355227199
355006708,355006381
355181047,355218906
201844,299370927
28361537,355005653
29768684,355367783
355196203,355196205
355208610,355208607
160230236,355157023
355184761,355184738
355220801,355158431
355207843,355115785
93291542,355007080
355011745,187369387
215598236,355216006
355944524,355126279
355090222,355174807
355204037,355204022
355005091,355179997
355150843,355102398
355007042,289827365
333469,347188019
33433578,355006827
355124781,355006716
355125671,280062584
355109687,355109691
355110324,355110272
355007007,164225660
355127752,355011640
220904144,355217694
355003646,355174807
355190672,193300935
355160423,355369854
355957088,355126257
300694963,355127340
355095935,355095896
23043266,355156241
355102270,355176129
355007242,355180990
355121124,355170333
355164057,44137128
355197877,355238344
355183718,355174897
162936930,355005005
355007247,355181055
355002335,226277187
355998272,194287965
215597095,355102388
355006041,160272304
355654943,355126784
355006038,235325477
355310108,355115783
188583635,355007574
355156509,355168389
355505391,355995314
355180061,355218920
355181040,355216473
309292954,355124164
355011080,355099338
355154250,355154245
355107814,355370886
355009150,355238405
355009694,308619769
355102265,355176129
355092776,355092771
355089502,355089495
355110115,355110121
355007571,355007570
355004153,355126331
355092020,355174807
355006752,154748039
233886338,233887010
1262280,355164733
355004885,355181828
355127896,196829910
98970456,355230735
355006927,222254637
214036795,355095597
355195511,182270237
217662341,355006338
355092098,355092100
355160096,355160099
355157406,167102034
355095729,160226116
355182403,229266830
355941217,355942767
355095729,355098464
355127340,223947598
355009702,355009705
191598956,40820311
260732528,355153724
355094144,355094139
320243346,355190630
355190973,355190971
355092052,355174807
1262280,264800004
355190232,355217694
355107097,355159703
170908997,355009201
355109699,174075517
355958525,355209780
355092093,355092098
355099231,355099223
356004868,355204371
355160479,328158564
355005985,355181543
355126708,355006046
10556557,355157404
355102397,355102388
355091552,355153360
355107804,355108710
355009170,355174807
355003549,355174807
355153705,355368320
201357741,160056562
22892897,233068926
28361537,355006381
20641928,305702619
355102310,355102309
355009708,302265980
145992719,355110272
355126071,199473756
355106384,299370927
355027332,355027323
355157296,160228168
162936931,355005768
355204415,355204411
355094137,122932758
355102432,355102430
355126734,165730406
319613720,355107738
355099082,355099171
355237680,355097997
355954599,355176016
355126073,199473756
160630036,178052102
355095331,355157382
355237990,266191931
355099254,355156673
355110524,355110272
355189706,213287984
143869139,355215472
10370001,355170255
355198843,355198753
355121962,33430767
355115524,355173475
355238040,355238995
355127295,355007103
355110316,355110272
200673481,355213347
355221851,355221854
355102399,355006984
355121179,355176238
355006792,355090401
164896472,355202019
16827115,235325477
129289899,225138533
352838444,355221824
355095069,355157753
3181745,355164733
73949721,355124098
101330189,322941453
355198564,355198567
355575969,355124164
355110975,355110272
42236032,355106756
355195210,355195205
355124133,355153771
39847989,355153483
355179853,355179852
355095609,355095607
355108731,355108735
16616353,216370345
355110896,355110272
194854513,310134699
192049599,355370886
355117949,355164125
355157639,355369854
355310098,355115783
355157814,135678914
11214345,232546721
355110283,355110272
355149228,355149227
355124268,176600389
355189404,355158974
355163739,355163743
355110526,214352552
197543195,355008590
355003702,355099343
355009659,286791108
355099167,355156325
355007249,289827365
355125830,355005686
355965109,355009577
355189401,355189399
355673773,355960111
355098546,355156781
113162620,355227187
355125975,355006733
355092073,355092070
355117873,355164125
355126255,214198067
355203578,255653128
22979768,355948421
84228431,355156728
306229676,249939100
103522749,165995797
355102392,355102388
355221868,355221872
355124536,355219442
39847989,355241809
355099343,355099338
355089182,147882100
355124164,355110539
154310635,42639719
355005449,355005447
355093297,355099303
355208877,355109555
355204399,355204388
144174215,225618340
355238329,355099107
355108121,355370886
355115530,355172756
134085968,355005783
355237292,355099211
11197431,39848316
355012997,355012986
355181811,213287984
172910634,106194869
355102274,355102270
355141048,355149231
355227237,355121989
355204256,355204058
355004423,355004415
31187892,355090237
355006982,49511994
355009201,355158275
355940732,355124163
355008614,353549323
355109651,355109655
355009214,355009201
355190938,355102398
13290886,355092403
355170256,355170255
355190971,51119094
355027329,355027323
355163747,144693710
47812236,143616691
201844,355289765
148805813,313644418
32550875,355124195
355089474,355089469
355941493,355124921
355170341,355170333
106860311,154310635
355219362,325239058
355941042,177354727
355190225,355190229
355219039,133577405
355225031,355096133
355177084,355176849
37977412,189449417
355009226,346354697
355204376,355204374
221161554,163734262
355007224,355181552
355153499,355207226
355196229,355196221
355095683,355170366
355097957,228362376
355179814,355110981
355109292,355109288
29525629,355004184
186002695,355096125
355110039,355110040
355200981,355219010
355219497,355100579
355237671,355095684
355127387,355174807
355126772,355006975
355940884,175311247
355098484,178056198
355237624,355098224
126793952,236743303
355007676,355174807
355121166,355176238
355941115,322937874
355005780,355102166
355126750,355007031
355124202,355006720
355237262,355095894
355005002,355004893
355200974,213287984
156864654,355368036
355175094,355174807
355102469,274526544
355179829,355094142
355940715,355991892
355957772,355127350
355099353,355174807
187456944,355097996
342781172,355124164
27223768,242090520
355180241,344589840
346183134,355556097
355092392,355213166
20224430,213287984
355195135,42236032
355181002,355218879
225157678,229781002
355023021,355198866
123907562,355127544
355102309,355174807
355008937,355124232
10927530,355110539
355090948,355174807
355198839,355198753
355007209,165222044
182482360,355180241
308507487,355157296
355196427,355108820
355179621,355108867
355205000,355227754
355196228,355196221
171417302,355154663
355006869,40820324
355161170,41796997
355183233,355170347
355958536,355149235
328130517,355007244
28065339,355009201
355164739,116717049
355136222,355230735
355128732,219891831
355099027,355370886
355124280,355005002
355093294,355237982
80893290,355122741
355204420,355204411
355216675,355237624
355159775,355370483
69614918,355182414
9600450,228362376
355006361,355006338
355007080,355181849
355009224,355009201
216031222,355164125
355009659,355009662
355108751,355115826
355228579,355154252
355008597,355090508
355119549,355238035
309720151,355157602
355006939,355182203
355098224,355098222
355110537,355110272
108620118,355368838
32489620,144174215
355236986,355095715
355005686,355110272
355007601,355102260
309189403,355617472
204189757,355124164
355126278,355004182
16827115,216011499
355125980,140118313
355747935,355126273
61424781,355100385
355007252,355007249
355961966,355124164
355111780,355153360
355221818,355237639
355216058,355237965
355102166,355174807
355181934,355216272
355149227,355209569
16827115,355006995
355198554,270315425
355111423,278587941
178260889,355154235
22979768,355094139
29029102,355169051
355160054,355369527
255588914,355556097
214354462,98990302
164627899,352209273
355188877,355219718
355090242,355174807
120309390,355124971
355110135,355110139
144894534,180619853
355213536,355109663
355173885,355369527
355157355,355369116
214242545,11068271
355156787,174898996
355124902,355007316
355012915,355204022
355209580,221685796
355198697,355216047
355002305,355002303
355009162,355198753
259992807,186002695
293552140,355160440
215597133,355164125
355110614,355216858
35162165,355098181
355102430,355174807
355004422,355004415
355941237,355126321
355128683,130627156
355009702,355227804
355003491,355155549
355099199,355117842
355137770,355169777
133399450,355005980
355006860,274526537
255588914,355115524
355940542,355995314
215590785,175844508
61301942,355198753
355089188,355115776
355110885,355110272
355109647,355109651
355209583,355209580
355011640,135106891
355126688,191599990
355135844,355135838
175743760,355099345
355009064,355009069
143854594,355127044
355091812,355174807
27077748,355153486
355189381,355101955
51691388,355098008
355097982,355156241
6559316,355176055
355009368,306528158
355157585,176589288
355207837,355207843
355094162,355094161
355179873,355090829
258592866,355196416
355005733,355181936
355167696,355167693
229090692,355009035
181678011,355100939
355209580,355230654
355941489,191599992
355003528,355174807
355124230,33433578
355181528,355215080
355008631,355008630
355167227,107715631
355090065,355090063
355181941,53809652
355748214,355127896
355110144,69064953
76364752,212285121
355963984,355238648
355237671,355099310
187475050,355181076
355940634,175311247
355237009,355097992
355006995,355182410
355181796,355367668
355958562,355204001
355005682,355180649
355009904,355221985
164627899,83451249
355958159,355149234
355005783,355101915
355098474,355156529
355942876,355988245
186317117,355195875
355158976,355174310
355135859,355203981
355007089,355110614
170821137,355160777
355230735,355120644
355120642,355120639
3369710,355097982
355216035,355237262
355206251,355206238
355098222,355156382
355115766,355164125
355126787,162936930
355124204,355006720
202997301,355176058
355124980,217662341
306284926,355006355
27223768,355369250
355010328,355010327
355006046,40820328
341436579,221712567
159817356,355998272
226277187,355092392
355115785,355115780
355006792,187475053
355127382,355174807
355180027,355217694
355095658,187309135
355096130,355095960
355310099,355115783
355007101,165222044
178671562,355128690
355110894,355110272
355089551,355089548
208963342,355184738
355940227,355009229
355215688,212285121
160232394,344589840
355118058,355164125
42690802,355110272
355237621,355099020
355997878,187475035
355157488,355371615
355216659,191530983
355163775,355163779
355189030,355219497
187369365,355208882
355102319,355174807
156795980,106860311
355237968,355098008
355170356,355170352
355158431,355158428
127885083,355170255
160043031,344589840
226277188,355102310
355004636,355006792
355097992,355097982
355176461,355124250
355210436,13435929
355098536,355370886
355310105,355115783
265717514,355208627
339207130,355221985
355006857,355110272
355190244,355217694
355124203,355006720
355181946,355216054
173121915,355107097
355128270,355174807
355095346,355156436
355216006,355237649
355006353,355006877
355109280,355214568
355184345,355294141
355156488,355369163
355093931,355370886
355160122,355371184
355127350,355006354
355006855,355006850
355005974,210712300
13290886,143363589
355098236,355174807
190955997,355009702
355095062,355095061
355962411,355100385
355109248,355154949
355126641,202757237
355006732,139600241
189071354,91725745
355941184,355124055
355006723,355128664
355238061,355095695
355239038,25422486
355110284,355110272
355003973,355183720
186794227,355099378
355006048,235325477
355956668,355124164
1262280,355170366
355126331,355006971
355090371,168088967
355218912,355237011
355089184,355153022
355244292,299370927
355003623,355003622
355100451,355100444
355126284,355004182
355230690,355121988
202757210,355179899
355213166,355236657
355965104,356005386
355009547,355009540
27223768,355368856
66919198,355092846
355007264,355181806
355093974,355221985
355111463,355007070
175165963,355238659
355008613,168951872
355127288,154749759
355003644,355238405
355006948,355181061
355095596,355095592
355108731,355156241
221681924,176606412
355941537,355124164
355124078,160232149
186002708,325098857
355110325,355110272
355224795,355167772
355107102,33430767
58695451,355198866
355126326,355006711
214242545,33433578
355955547,355124164
355002303,355236657
355115718,355157582
45186783,355369854
355005725,215596974
355005673,355181076
355237302,355099191
355181015,355218872
355006334,235325477
61301942,154748039
355107698,355107696
355112014,355112011
355184433,355295662
355121989,355121985
355127749,355238405
355110526,274526543
355163731,355163736
204221653,355215277
183610045,41796997
355110992,355110272
37977412,355164733
355190216,311286710
224812923,355110272
160227401,255588917
355006971,355006969
355179709,355109555
190635969,355100385
355216460,355238329
355941072,355124944
355219464,355100451
57498751,355009577
355203086,355110621
355141044,355209805
355090491,355174807
178056198,355156504
355161173,41796997
355090526,355154220
355095740,355370886
328158564,355160701
110549870,355181076
355099092,191598897
186002703,186002705
355203994,355230690
103110941,355004365
355113172,355113169
355009373,355238405
108202629,259129767
355110978,355110272
355941480,355124164
355941473,322947517
354267232,355294141
355149234,355149227
355203996,355203994
355009608,355221985
355176460,355176455
160227414,355236739
355009669,355009671
106194869,322926574
233996912,122932784
355006736,139600241
355157357,167102034
169434177,355102398
205611677,355995314
319842557,355124117
355110611,355110272
355190254,355190258
355092392,355239158
355183711,355221985
355239204,299370927
163423843,355156724
355095675,355370886
355006712,355006381
355099095,355099092
156858844,229266828
355090237,160230289
355102390,355102388
355005646,355181040
355178422,355178418
355204048,355204043
355109672,355109674
355006043,355006381
355230436,355230430
355125845,162936931
355236995,355098179
6559316,355371788
31968956,237550856
355941287,355124966
168798172,355204402
355106410,355159654
355006841,355006827
169398233,355143416
355012175,355110888
3624632,212285121
355099377,355197412
355101955,355110989
355127548,355238405
355213347,355098538
355124233,33433578
355101425,355101424
152597774,355204372
355009023,355174807
355121186,355170344
355182410,120042607
9909719,355089482
355128664,355128667
355196943,160056789
355124970,223557536
355940879,355124164
355236778,200428870
355571753,355198849
16827115,355006827
215596974,289827365
355110323,355110272
141251813,160228934
355118160,355164125
355179860,135050022
355176016,355174807
355003599,355003598
355216013,355236778
355099200,355099194
355170430,191599986
355219487,111985930
355198296,273495266
355004184,125487383
355098140,355156523
11214345,355005981
193696046,355230735
355099236,40820180
215544553,313127405
355007104,355090937
355216031,355237649
355237982,355099317
186002710,355099095
214242545,247937978
355219477,355101446
355136907,355136898
355157766,322941453
355125646,355005692
46856206,355007007
355008611,355008608
355109199,355156496
355095335,355095331
355095315,355095312
355099278,355099274
355127379,355238405
355122491,207707568
147882100,355152760
355190981,355222058
191598956,355110272
6559316,167102034
355124078,356005402
355940996,355110314
355203999,355115856
355110090,355110093
355092783,355174807
355154249,355154245
355007668,355174807
355188810,355219460
355106797,355006839
1262280,355298421
355099256,355099254
355008589,355174807
355095684,355095683
355219324,355236748
355008608,355118062
37569064,309391959
355190614,355190618
355096137,355095960
168088965,171417302
355006754,154748039
355110991,355110272
355204049,355204043
355110996,355110272
355180265,355216676
155198145,355986528
105583478,355204374
355006965,355179997
160230289,355097982
355156748,355371143
355005768,355199607
208805313,355198753
224426812,355368330
355156720,355368343
355008617,189126818
311347798,355189910
355003686,355162156
355214525,355099158
319573322,9367887
355941539,355126772
6559316,322941453
355198869,355198866
355215699,355237254
58057334,333469
355102269,355166251
355110971,355237639
355181066,355215752
355180895,40820318
355124110,355124108
355221854,355166257
186002984,355164005
308507487,355118271
173150107,33433578
92699126,355005449
355004366,241477156
355238006,355098251
355097995,355097982
225618340,355106412
355095121,355095117
6559316,122857427
209073614,355182105
355940847,175311247
210712300,355110272
355007160,355007153
355238035,355095935
180661143,355179997
355110131,355110135
355121937,355164125
355004633,355004628
355125158,355007189
355126282,355004182
355095945,355095942
162456611,355371508
355219007,355236739
355008618,355188810
355008928,355115896
355006980,355006978
355106405,58506409
355005786,355161170
355110289,355110272
241148229,186002698
355090706,35162172
355190679,344033410
355180998,355294141
355004655,308403825
179156506,355003671
355098791,355098766
355110276,355110272
355003671,164066174
355204381,355204374
355183720,355155549
355003622,355174807
355175314,355174807
355004185,125487383
355006948,15776292
355089188,355293591
207403896,355160251
355005447,40820323
355219971,103827964
355994948,355994950
160228423,355097982
158047090,355009023
355157554,355371492
355371492,20087803
355006716,355006381
11235277,355202003
355009577,162068863
355179840,213287984
355953412,355230394
355107708,355156241
355009113,165458295
355111373,41796997
355095346,40820177
355127360,355004642
355102292,355174807
355176462,355198753
355010927,355230382
355244240,160228423
6559316,355371845
355092074,355170338
355135814,355135809
355110525,355110272
355007634,355174807
355097990,355097982
11214345,146846375
355160467,355371184
355236712,257926446
355181783,355219007
11235277,213287984
173780036,355009113
355108494,355108499
294947940,355003616
355962008,355124164
60811145,355098008
355124232,33433578
355096128,355095960
355005695,163137955
355236775,39848316
355154282,355154284
355011646,355184738
200084216,306406118
355135838,355209569
355190643,193300935
355006362,355006338
313101867,355184738
355124234,33433578
355159687,167102034
355367699,91725745
106860311,355221985
355189363,215597158
355003609,355174807
355952128,355100385
355215275,80574245
355941250,355124164
355127542,355174807
355958159,355958163
355124275,355005292
160278722,355095315
355098766,355156748
99375134,355215080
85114852,355370483
355101079,229781002
355004628,355179997
10927530,355120639
39135216,247937978
155316665,355110272
355007042,355169777
355940224,355002305
355110068,355157023
355180269,355119549
355228997,355228994
172339566,211960995
127885064,355100385
160056789,355106384
58622595,64192155
355102312,355174807
355006877,355110272
355102399,355102388
355118102,355098181
355009225,355009201
322937810,355006813
148409403,355004633
355217694,355236739
355121131,355170344
355099197,355124164
355121503,191614001
355092848,355370886
355111003,355110272
355011607,355206727
355173650,355369527
355090707,355090706
355180652,213287984
355218838,355159231
355006710,53088346
346508675,233887019
355228137,355154251
196140824,355175150
355099330,355157528
136312937,355099231
356003168,355509830
355115529,355115524
355099179,355099175
355219738,355100453
145546399,355006846
355218872,355236654
355170338,355098181
355204370,355204366
355005743,355224166
255588914,355007133
355203981,355109297
297677013,355157634
11214345,235325477
355236982,355098550
291537089,355006827
355237651,355095710
355157154,355369142
355172027,355172025
355213549,83958126
355221872,233996912
355110971,355110272
355115783,355115780
355160114,202731080
355190128,355239206
201844,355102388
355155569,355370483
355218866,355238064
355124163,355110539
355110290,355110272
355127393,355174807
355294509,355107676
355127289,160230244
355205751,355170336
355204405,355204402
206131295,138664559
355003709,307477812
355096123,355095960
355219378,355236986
355222328,355238326
355014764,355102398
164896472,355206756
355003716,355179895
355218920,160228932
355006015,355006008
355204001,355203999
355118271,355153360
355122490,355367830
355184328,355208877
112932078,355107689
193696967,167102034
141561519,154885978
176766934,355135845
355006356,355006338
39790695,154748039
355012188,355012184
355004542,322934612
355953229,355124164
16616353,33433578
355163541,355096137
355128320,355238405
355090063,190503263
322941458,213287984
355006049,235325477
355998064,86300482
355156529,355371541
42639719,355164733
355108466,355236739
355126076,355188330
355219435,355238070
160043031,233068926
355099257,355157023
355096125,355095960
355115780,355176238
355099376,355100410
355136930,355102408
355143143,355143416
355157395,355368835
355209780,223914275
355218872,355237235
355109297,355109293
160043031,355205029
163017849,355098803
355209612,213287984
355098249,355157585
355182421,209333392
355154272,355095956
14887053,289827365
355195511,355222325
355003563,355174807
355102398,355102388
355112014,355184738
45826448,355099347
355172072,355237218
28361537,355005650
138199818,266242062
355219362,355238079
355018027,355017710
355110278,355110272
355164063,180661515
355009058,355009054
355127599,355174807
355003872,355006734
355368170,355368172
355181941,355216035
114520044,355370483
355111000,355110272
355126263,214198067
355009220,355009201
26223124,355006877
355110890,355110272
355112645,223374955
355126277,355004182
355092982,214198067
355237240,355099265
355144830,355204374
191614563,355371484
355099160,257447584
355179829,355179827
96285931,355180652
355237651,355095721
355108719,355108723
355227237,355115872
341777484,355009210
355189363,355219497
355006907,178916036
355174188,238728453
355172692,355172687
229560293,355098222
146171576,355098008
355189933,241148229
146793065,160294323
355163771,355163775
355941265,355124204
355127288,355184738
355010928,355198753
346183134,274527139
355007104,162736356
355008348,355008343
193442611,355124250
355095745,355095740
355181828,355219405
355102415,355102388
145519685,355221985
355005686,355005682
355181824,355219337
355168966,355168963
355179804,355238405
355008567,355238405
355227294,355107110
355006008,355189399
142728834,355170366
355213563,214572041
355004548,355004542
355126824,355002282
355182392,38157241
29768684,231335113
355100577,179152661
355099181,355370886
355221760,212285121
355188402,355214493
355090065,122932723
355009206,355009201
355125980,355006040
10556557,306815082
3369710,1262280
355099329,201110230
355111005,355110272
114546331,204627100
355126280,355009050
11032282,201337407
355122330,355095062
157478410,355127787
355238028,299370927
355218995,355238138
150200721,355371491
355115765,355115766
355173473,355219477
355111007,355110272
355007183,355181006
208805313,355006043
8819305,199473756
191588424,204221653
355505391,355994842
355961210,355100385
355008593,355008590
355004183,125487383
355008618,355206766
305673263,355003716
16827115,355007104
72780249,355998257
355157602,355368170
355213231,187798516
355164748,355164733
140884284,355157832
355221839,355237639
163380949,355099638
214066242,355100385
355004187,125487383
355128730,355128732
355940629,322941454
27223768,143868130
355099317,214696390
355948922,80893290
355111425,355111418
355107758,355370886
355204397,355204388
355106431,355159400
33430767,355371184
355110051,83029107
355098554,355157296
355181518,105722996
355227245,355115872
355089158,171417587
355176013,355174807
355189694,355238405
355206238,355115528
355941306,355125979
355218854,191708948
201844,355249443
355217244,355237013
355244100,39848316
126817182,355097982
355164973,355164733
187475040,355998230
355099312,355238066
58695451,355006877
355108115,355108121
1262280,347188019
355017999,355017710
6559316,225071080
50000428,126427059
355198470,355198554
355310107,355115783
355124108,182313355
355190932,355102398
355009351,355195511
355110530,355110272
355003530,355003528
355153681,355219718
355965561,355124164
135910793,355237639
16827115,355006917
355215745,355236748
355095956,355095952
355102400,355102388
355101430,37977412
355216668,355237704
355100451,355115742
168088964,355089246
355223986,355236990
355099198,355099194
355008600,355008590
355160125,261880597
51119094,355106798
355134813,355179446
355009940,355009945
322937787,355095074
355153771,165654007
355181936,213287984
11214345,355006860
355108796,355108793
355021528,355095960
5267578,355102398
355092041,355092040
86300482,68891403
355215712,355237654
226194124,355205380
355221744,355237639
355110311,355110272
355006052,235325477
355106785,33430767
355005766,209073614
355121163,355170333
16827115,27223768
355124902,64261740
355008929,355117595
355128728,355128730
355208886,355109555
174555058,235325477
221685299,33430767
92039438,355156778
191530985,355121988
355003686,355003684
355163573,355163729
28361537,355121931
355009220,355009613
355110305,355110272
5122975,181048424
355175150,355174807
355005309,355005304
104387718,355009201
355003247,160228983
355149234,355136906
355110613,355110272
355221992,356002170
355221807,212285121
128085129,355124164
355189932,355189933
355089482,355089477
355125683,319124007
139491963,174898996
355196229,355294627
355218866,355236646
355163749,355163755
355109644,355237639
355090519,355154609
355109281,355179251
355110286,355110272
355102414,355102388
355099294,33430767
355156673,355368462
355115530,355115524
355121480,355162156
355115410,33430767
8819305,355204043
141251813,355157380
355184209,355217694
355095650,355095647
37232504,355110272
355027348,355027323
355124201,355006720
355007576,355174807
355171928,355369854
355006041,235325477
355135845,191530519
355093292,355155545
355157154,355368336
10927530,355176129
301224622,355100438
355090007,355367566
228826310,169398233
347973901,355124164
355027331,355027323
355209569,355230654
10370001,264800004
198951291,355006334
355099378,355163044
355027349,355027323
355962033,355124164
355956047,355238651
355965104,355009577
355213313,355120644
355181050,344589840
355204026,355204022
355102482,355159656
355237246,214036794
166464353,355368099
355099143,355161177
16827115,180661143
102882901,265851038
307477812,355090873
186002712,264800004
355008349,355008343
156529528,355294141
26698937,355128270
186002976,182137986
184153624,355115463
355124647,92039439
355940886,355125661
355110115,355156759
355941057,355124164
355127044,355005987
355195196,242394306
355006792,355181941
355190684,29023691
355157398,193425693
355007596,355238405
355201017,355201013
355109672,355157599
355985936,355124230
355136906,191530985
42639719,168320239
355099155,355169033
355179126,355217694
355009613,355221985
61301942,355006827
22979768,26223124
355095705,355153710
162081888,332176352
355009167,355190128
355204375,355204374
355099158,355102388
355940734,175311247
355088870,355152794
355092392,355109199
355144834,355124234
355121934,355121931
355179895,270719199
355110015,54955288
355215282,204221638
29422173,54194102
355954906,148409403
355204378,355204374
355093295,355155548
355184299,233068926
214297857,355215282
355010904,355010901
355099192,355102236
355007046,355005695
355107792,355157063
355099293,309720151
38157241,35162165
355237227,355099315
16827115,110549870
355124944,355006889
355157422,322934616
355126616,355006708
355221684,186002703
355027340,355027323
16827115,203852968
201168685,355119579
154359073,355163759
355951485,355951678
355115784,355115780
355238651,355238405
355164742,355164733
355018486,355102398
355110039,355156382
355121151,355170255
355110071,355157591
143435,163901928
355204418,355204411
355006939,221683191
103907444,355095960
355126260,195706199
187475053,355121503
355199657,355218928
355095685,355164125
81049993,355102388
355149230,355209781
233887010,355994906
355215771,355237639
355208500,355217694
355006722,355241790
355154278,182896240
355009945,355009949
92268861,355237639
355121990,355121985
11235277,355228415
355010911,355110272
322937812,355126688
29768684,205697063
355941259,355102399
168320239,355167092
355120644,355164733
32489620,355120644
355127376,355238405
236743303,299370927
355237690,299370927
28361537,355007121
218086605,355176262
67894014,355009201
9600450,347188019
355222325,355237639
355189930,355189932
355128347,355196230
355117569,129159378
355127400,355238405
355172693,355172687
164627899,289827365
355090489,58508571
355004127,355174807
22303671,355156555
208805313,355170006
355940648,355126750
100107029,355135845
355102274,44695934
355125845,355162156
355010230,355173644
355110314,199473756
355953381,355100385
355157360,355368086
355157528,355368441
355175749,355174807
355157013,355369854
355102419,35162167
355102411,355102388
355110981,355110272
355157395,355158976
355027342,355027323
355107106,355107102
355009069,355181076
355124235,33433578
180219451,355203009
8819305,355003671
355238070,355099165
355181801,355216018
355181061,322950888
355126273,332176352
355110987,355110272
355005669,355181868
355190693,355190699
355009643,355179997
355222161,355237639
355006984,355006982
355198314,69455050
355126722,355004362
57498719,355176479
355310111,355115783
355101217,355101216
355160160,131738945
355198849,355230735
355203605,355203601
355184745,355184738
355094047,33430767
187294381,355138041
355003491,355003488
355003586,355174807
355110125,355110131
355170338,355170333
355610486,355124244
355101951,355158670
29768684,355171802
163723362,229267190
355008601,355174807
266242062,355106391
355091275,355091273
355008957,355174807
355110992,355098181
355151013,355204382
355190201,140287599
16827115,300030388
355110997,355110272
355124055,355173650
355111463,120106983
355098003,355097982
355092090,355174807
355107117,355157638
105859342,355159687
168951872,355153681
355099175,355157629
36900495,355237639
355107792,355107798
355108719,355157357
355149235,146812295
346898421,355236739
355228994,355294141
355096136,355101218
176599737,289827365
306528232,355179840
355005979,355181801
355994887,355994891
355955798,355238660
355294122,355099662
355095661,160230236
242394306,355222062
355124191,355124179
355108504,202756526
202757237,235325477
355157433,174898996
355009390,355236693
355941155,179156506
355003252,355181528
355941095,355125650
355228139,355213549
226277185,119254220
355093294,355093292
355950779,355175639
355181547,223294371
355107738,355107734
165730406,186635242
355106752,117115574
355993859,355747932
355135814,355135838
173729684,355110272
310134699,355096124
126793952,355172687
355126272,332176352
355101082,229781002
355107798,355107801
355156392,174898996
355121991,355121985
355006726,355006381
178052102,355003671
355940715,355124164
290832681,193695940
355109544,355176497
355100385,146796712
355099107,355099104
355169781,355169777
187798516,355166260
355112961,355157296
103827964,355101217
355174750,84882098
355124207,355006720
106860311,314397258
31187892,355236739
204627100,355171928
355948675,193687318
355121099,355170255
159856926,33433578
355107816,355160061
355102256,195866813
16827115,355003664
355747932,355748213
355230684,355237690
355208627,355109555
355092846,52486066
187475038,187475039
5763141,154338124
355157376,355371572
39135216,172160701
196829910,355009082
355176010,355174807
173861504,355110272
355099223,355156730
355188817,355188816
355008925,355118062
140884284,355126659
355005437,355005311
355115537,80450198
355099044,316538493
355955500,355124256
355940598,355125671
355941495,46856206
355175608,355174807
15099856,355230735
355006984,355111425
355128816,355009941
355124256,355004182
102971994,355289715
58695451,355204058
308946600,355204382
201844,355289785
355200745,355215771
10370001,236952523
355153499,355153493
355121935,355121931
355003642,355102398
355247176,355289765
355095646,355095645
355007192,355180257
355238329,355098477
322447516,355578037
143435,355204388
273203456,355107786
355179251,168088965
101256738,289827365
355127306,160224542
355098251,191530982
214572041,355154070
355124206,355006720
9600450,355170352
355110612,355110272
355163729,355163731
355125633,355006048
355007269,355181024
16827115,355004159
140118313,355190666
355110536,355110272
355124117,202757210
355098554,355156416
355198448,355198453
355219327,355237639
159228097,355204402
355238126,355095366
54955288,355110039
355006040,235325477
355953286,355100385
355090519,355153717
325239058,355098181
355124256,291537089
77987066,355170352
355310115,355115783
355195163,355159721
355115779,274526557
355195507,355160021
138786001,355095960
3624632,355236748
355110320,355110272
355179442,355208879
355006868,355238405
315688510,186002976
355157514,167102034
355095889,355098429
355112000,355121090
355009216,355005725
355095062,40820181
333469,78556179
355947360,212868218
355008576,355128485
355110326,355110272
355179762,355111006
355091556,355091552
36900495,355090218
355124971,355006838
355801196,355149231
355124167,355110539
355004182,125487383
355195891,274526547
123035996,39847989
355009904,355110272
355237651,355095945
355156468,125112783
355128326,355110536
64192155,355156241
355006719,355006381
355180868,355110986
37977412,33430767
304206130,355004182
355126256,214198067
187475039,147182443
355102469,355213182
355189910,355189929
355940729,355799720
355230654,355121988
355007609,355174807
355940879,355124200
105583478,355006381
355125155,355998064
355956302,355124203
146796712,140883959
355221040,355101962
173765745,355110272
146812295,355209778
355238001,214036953
27223768,355371902
355095074,355156382
355009189,355174807
355090394,355174807
355198875,355230735
355310106,355115783
355190633,355227760
355940893,40820341
355238055,355099091
3369710,355170352
355004159,355179997
355947165,355947169
355158431,355237639
355190225,355219327
355216054,355237701
164066174,40820188
355006946,355006945
355100444,355171907
104387718,355004186
179428461,355009651
355100579,114546331
9600450,355164733
355237651,355095889
355153512,355176044
246127666,355110272
355181801,355219380
355124170,355110539
355009241,355009201
220560688,355006877
117942752,355110272
83029107,186002972
355004870,355182399
355007316,355007269
355090165,355153641
192669897,355095354
35162167,264800004
355090172,308550360
355175146,355174807
355168358,355369527
160224774,355156241
355124077,355124074
355204380,355204374
355115752,355164125
144693710,221910185
186322422,164671437
355121159,355170366
355204383,355204382
355221839,154767436
355009054,355009060
355208619,355109555
355124231,33433578
355007365,355238405
355007013,337279283
355124404,180661381
355110121,355110125
355108822,198482808
355111006,355110272
164627899,286791108
16827115,355004890
355171885,322941453
355095710,355095705
355955798,294947940
156864654,322941453
355184742,355184738
11214345,110549870
355101216,216021722
355007331,355238405
355007121,163901928
355163785,186002982
355209569,355227245
355095883,355095881
16827115,129791513
355218928,212285121
355004415,289827365
355003872,97323972
355006755,154748039
355099316,355157582
355110982,355110272
355181058,355217694
355027346,355027323
355097994,273203456
355940886,355126069
17280710,130186470
255588917,355371908
355101443,355115905
355093297,355093295
39790695,355198866
355003589,355238405
355175095,355174807
355003221,214352552
355010926,355010925
355005719,355089477
343302573,23971275
203171078,333469
355219380,355236773
355102492,355174807
355153460,355153458
355112755,355164125
355994400,355994401
212827788,355163567
355009928,355206238
355237159,355095678
355095942,355157620
355092717,355092714
355006045,235325477
355006059,235325477
37977412,355157596
355994891,355994895
355210436,355154946
355090508,19712909
355109674,193696967
355102310,355088954
309600078,355095960
355241095,355241100
355110285,355110272
355121519,355156392
355100411,355100406
355236970,355098008
355092717,355110272
355160075,355160096
304206129,355122330
355182380,295879136
355206244,355206238
355159654,174898996
355005005,355180895
198889667,355124164
355005442,355090366
272753110,163723362
355154253,355154245
355188819,355157800
355099171,355157063
189858264,355006736
355128259,355174807
355009218,355009201
355940710,355238661
355208616,355174750
355160747,202731080
355505391,355190925
355007354,355174807
355950787,355100385
160227401,355154278
355157606,202968303
103348076,355099330
31187891,333469
355158933,201337407
355004874,355004870
346614756,145546399
355110999,355110272
355130872,355130598
355155609,174898996
154748039,289827365
355008347,355004186
37004771,41796997
355006813,163901928
160056789,355197376
355121170,355170344
355124226,33433578
355092982,221233126
355009047,355174807
355198453,355198458
355121093,355170352
355940690,355124164
355090390,355174807
78556179,355156382
355008927,355008925
61301942,355006338
355109297,355109326
28361537,155287260
355102217,355153697
189754914,355183279
8819305,33433578
355219468,355219464
355109611,163017849
355007153,355181076
355221845,355221846
355111780,355112000
355099184,355099181
6559316,355371859
154885978,355181790
355007147,355174188
355009626,355009624
341545485,174938459
355181552,40820129
322926181,355097982
11068271,162456611
355124970,355006938
355098545,355174159
355010559,355010558
355940721,355126278
355009230,355009201
355220788,355124183
262825989,355219435
355115857,355115854
355941846,355985936
355121480,355121477
174075517,35162168
355009415,355109644
355007347,355007344
147882100,355154947
355243198,183779954
355179982,355238405
355237649,39848316
355213492,355237649
10556557,355157355
355095115,58507725
355157572,355368443
159856926,355124096
355132509,355010253
355006905,355180269
355110321,355110272
355089532,105246767
47373422,355179825
30775171,164435033
355115857,355163058
355110520,355110272
355662953,212868218
355951394,355127288
139638764,39848316
355136907,191530985
355144834,355144830
355095316,355157376
355006710,355006381
355219429,355237639
355027343,355027323
35162161,355172691
58057334,355237639
355110526,355110272
355157408,355369127
355089533,105246767
355962377,355100385
355208879,355109555
355090937,355090934
355113174,355164125
1262280,355097982
224696579,355157023
355090408,122933240
355157773,203246769
355182387,344589840
355009244,355174807
355111429,355176129
355120787,355174560
355099092,355156488
355099184,355154235
8819305,355110539
355943297,355509830
355096125,355190639
355575911,355575912
355028364,286791108
355098008,355097982
28361537,355007143
26223124,355120639
177354727,33433578
355006352,355006338
355940659,355125845
355184437,355184433
355182095,274526878
355219321,355236973
355004154,355174807
355237218,355095605
355102269,355102265
355110888,355110987
355119549,355119308
355095711,201168685
122466625,126757876
355221684,236743303
355243712,355098181
355181061,355219378
355238138,355098003
355096133,355095960
355126260,214198067
355121134,355176238
355244272,355098545
355164739,355164733
355009187,355094039
274526783,355162165
355089474,355090172
28361537,355006860
355129433,355198866
355310104,355115783
355012547,355204043
111985930,301224622
355169785,355173475
355115766,355115770
355176129,355368456
355310095,355115783
355089246,171417576
355204371,355204366
355109199,355153692
229267189,355107811
183779954,355097982
355180998,355217694
355215737,355110996
10370001,355164733
189125442,355110272
355098803,40820182
355110891,355110272
152648678,355097982
355018020,355017710
355006792,355092833
355182414,355213497
355095612,355095610
229266789,355009138
355998257,254428878
355109611,355109609
355172695,115867727
355120639,355176129
355121529,355170333
355098007,355097982
355294147,355294141
209577373,355102257
355206246,355206238
355027326,355027323
355196195,355196199
355125686,355005787
355108839,355229424
237550856,355189949
355126738,355222026
355005658,355180027
216011499,355179126
355237254,214325501
355126293,355005743
355124891,355007241
355100410,341545485
190818560,355009220
355095651,355156737
355227199,355102419
301379203,355124166
355109280,119254220
355093974,355093973
355941250,40820337
355090937,355215699
218857418,355006927
355127337,355003245
221910185,355163749
355237701,355095674
355092717,355102398
355099160,355156702
247447750,355181842
355027336,355027323
355238147,299370927
355945909,96817605
355940652,355124971
355089483,214198067
355190633,259992807
355106774,355106773
355102375,58507743
100639538,355124164
355023031,355095960
355108698,355370886
355154946,355154944
355009231,355204366
355127538,355174807
355965069,355100385
355226710,355236977
355310117,355115783
355007127,289827365
355102442,355174807
355236258,355238330
355189385,355225771
355003610,355174807
282007436,224073588
90984206,355986528
355010253,355010250
355007348,355102300
355110071,270265736
355100579,355100577
355012188,355164973
340839071,355994948
346183134,355006725
355128294,355238405
355994401,221210361
355108869,355108863
3369710,355164733
355027345,355027323
29525629,355110539
355215080,320546304
355003601,355174807
246066490,355110272
355222827,355236775
355009608,355009607
355128326,355098141
355009408,355174807
216807922,355196230
314397258,313109993
355093788,355093786
355099104,79169012
10556557,263228968
355108866,355108863
355093786,355174807
69455050,355198436
355006923,355006921
182826376,355007218
158076235,152597774
355090229,355174807
322934612,355172072
355089195,355102434
355109280,355221977
355221760,355160103
355132286,355189399
355007070,355128718
355027337,355027323
355204032,355204022
185725699,355128728
355088954,355088949
355952821,355100385
355179144,355089158
355092392,355092389
355135840,355135838
355095645,355156404
355092392,355090678
355023332,355167227
355156776,226784994
355208617,355174750
355099091,137895720
355163736,355163739
355108499,355156241
355109281,355102398
58695451,3181745
355198296,355198302
83958126,355090873
54955379,355369527
355227245,355227248
355135846,355135845
355221846,355221847
3624632,13435929
355005446,355005444
355008334,355221985
355094741,355121166
355218879,355238040
355132506,355188781
16827115,176251709
212868218,355100385
207655851,355156790
355009231,355196427
355099269,355099267
355942616,355124164
355014710,355236681
355006934,165222044
355214583,355294141
355154946,355236748
154767436,148805813
302265980,355009716
355110539,355110272
355124981,355188390
355205380,355093788
180663677,355216303
355221916,30803752
355941132,355124971
355102322,355174807
355089532,20095606
355109537,355126272
355161172,41796997
355110886,355110272
355003638,355174807
355006869,355180253
355006838,355119272
255653128,355237639
355092070,355174807
10927530,355198866
141251813,355157364
15761634,355098008
355153695,355173250
355237687,214036661
160294323,355095073
355214562,355237270
355099199,355099194
182097297,355370483
355143416,355143882
127346835,355176479
355009653,355009655
85062222,355153360
355988245,355988270
355006048,355009201
355102434,58507731
355204406,355204402
355011373,355011372
355124190,355124179
27223768,355371446
355197412,194455451
355005437,355221681
355204029,355204022
355018939,355209783
355190647,344589840
355027333,355027323
355012161,355110272
355011745,355124876
355009716,355009720
355004419,355004415
339331674,355100385
355110309,355110272
355099201,356000770
355006969,355181934
355091273,355154288
355110530,306229676
16827115,355004615
355108738,190959281
355199878,355208619
355940994,355996154
16827115,355367815
334522125,355011745
6559316,355368073
355994382,355127914
355241095,186002712
11235277,344589840
355007011,355007009
355954451,355027346
355237288,355095650
355188816,355099638
203852968,289827365
3181745,355156425
355190933,355102398
355003684,355090519
355099082,355099044
355168966,355095609
355213154,355236744
233887019,355748214
62949820,355153483
355101142,355101137
174945343,355110272
355124229,33433578
355181058,355215080
355222020,355221985
117115574,355159713
160302379,355008031
355128655,170923175
355006353,355006338
355179222,355179147
355163541,355163536
27223768,186635247
355237997,355095596
355102171,58506173
355099365,355099363
355100794,355157063
355009668,355009669
356002214,122086610
135050022,355164028
224416247,355215712
355118148,355118146
355126784,355006353
355099143,355157555
355940553,355995314
355175635,355174807
355170367,355170366
16827115,215544553
355143378,169398233
355109279,355367524
355108839,23043266
215597095,355110272
6559316,160230621
355006929,355182425
77985071,58505809
355009241,100445101
355009945,355297154
355994884,355994887
355213182,168088964
355102260,195866813
355124208,355006720
28361537,355005673
108957664,264800004
355009705,355009708
143363589,144894534
355098550,355098546
355951485,355190925
355239040,108957664
171417587,355152791
3181745,355166251
355160701,355160705
222245859,91725745
355128690,355111463
355237235,97543988
217638897,355009351
355009264,218725862
11197431,355167227
355160755,355369527
355216501,355237246
355124789,355747935
355008347,355008343
355206252,355206238
355218971,156123536
259702229,355097994
355110318,356000961
15761634,355167227
355099662,355099658
355126616,40820342
27223768,355369527
355090529,355090526
355204050,355204043
355189929,355189930
355004186,125487383
355157766,174898996
355124166,355110539
355127601,355127599
355157492,355371822
355111434,355164733
355195878,355195886
355121120,355170366
355115896,355101425
355957092,355175319
355198309,355198314
355124234,316448193
355106433,355238051
355099139,92039438
320488018,355190238
355106405,355237639
355092040,355367792
201844,355170344
199000078,320488018
355008580,355222038
355006978,289827365
102970496,355994928
355101960,355158660
355222049,355294141
36900495,58506427
355161171,41796997
355156724,355367673
355021832,355181528
355007244,355007242
355124077,355509830
355204998,355204684
355175604,355174807
355940674,355125633
355310102,355115783
8819305,355102270
85941685,355181783
355110098,355110099
355122491,355122490
355126273,355994942
355006054,235325477
209333392,355238147
355109544,355170224
355007622,355238405
355092392,355107447
355110531,355110272
355221824,355237649
355009102,355189729
355203592,355221985
324092338,355170344
333469,355097982
355239029,355239038
355156555,355371587
298732576,355110098
355170369,355170366
355237624,355098008
355214562,355092041
355125650,355006709
355095607,355157023
355215732,212285121
355008880,355189030
355101080,229781002
355958669,173099859
355092776,355110272
355163779,355163785
355209805,40820308
355121149,355170255
355209089,355124210
355183279,355214606
355109330,160462268
355107816,355157296
355182095,355215285
355124275,355006015
214924582,355003609
355180977,355219371
355176009,355174807
355155549,355155548
161305380,355009201
355221992,355221985
355006965,355180998
141397600,355004548
355994906,355127921
308507487,346042960
355009167,355181835
355005987,247447750
355090218,122932741
355189940,355190248
194974787,355110104
191599992,355004666
355006942,289827365
257405341,355006720
58695451,355006381
355004182,40820330
355115869,355176497
355174199,355174193
355169779,355169777
177530353,221161554
355092392,355109250
355121096,355170352
168320239,101330189
133577388,355095664
355115856,355115854
355124244,355003671
355099310,355099305
162068863,355209670
355201009,355094137
355181941,355215463
355236672,355098791
355095610,355157398
355005739,355005733
355108479,20641928
355006945,355182403
355238393,355098008
169495118,355125633
355141132,27223768
11197431,3369710
355012175,355110272
160230290,355095738
355095889,297677013
355007046,355007042
355176021,355176026
355127329,355004180
355099350,355174807
16827115,241477156
355136901,355167695
156795980,355198866
160302379,91725745
355005288,355181009
85906008,355216658
355156712,355371779
355141048,355141044
192760631,355110272
223028318,352838444
355108466,354618228
355994399,355125980
355157597,191614553
355126073,355198753
159495620,355204366
180065941,355110998
149579019,9367887
29422173,125487383
355221924,355239008
160228932,355098181
355095603,355157606
355098009,355097982
31187892,355237639
316538493,174898996
355228139,355228137
355181806,355218959
355098439,355102225
336804927,355239021
355092241,355174807
355096124,355095960
355124240,355003671
355110313,164896472
355110322,355110272
355176262,355371184
355099305,355115613
355190221,355190225
355009720,245607742
355172072,355172065
355099347,207720077
355156605,315261442
153718713,58506728
355090720,355168491
27223768,355369854
355940695,355127298
355004661,328129991
355027347,355027323
190156781,355110272
355170334,355170333
355006850,355182387
355159226,190500093
355962407,355995314
355131817,355206238
355009226,355009201
28361537,110549870
355219736,355096136
11197431,355164733
187475052,304206129
27223768,174898996
355127555,355127553
355124231,355189312
355095061,355157554
16827115,355005091
355124068,160228915
355237011,355098181
20224430,355164733
355007143,355181058
355110893,355110272
355310119,355115783
355940631,40820335
201844,355164733
355110532,355110272
155287260,286791108
191529351,355125975
355175639,355174807
106860311,112880280
29768684,120976295
171417302,355155563
355009010,355174807
78556179,355156241
355007070,248009276
355092822,355174807
355115872,355115869
355101915,355174807
355006982,289827365
355219460,353548196
355216021,182873346
171417302,355157341
355173473,355173470
262825989,36900495
355157753,355369137
217161872,355170366
355005299,180663677
355004893,355102398
322947517,355006713
355174751,84882098
355090508,82847261
355009540,355196416
355007147,355181050
355098141,355098140
355219405,355237286
355027338,355027323
39135216,355003671
355151401,355184738
355009171,355124164
160043031,355173391
355941072,355995314
180661381,125487383
355156745,355371592
355204369,355204366
355006043,235325477
355941463,355124164
355157154,246008373
355237013,178063174
163494078,355124647
355244347,126817182
355126259,229266829
355189385,355189381
355218906,355110993
169347442,355120644
355092041,355110272
355164063,355216031
355207226,355208624
355143882,355010928
355179799,355238405
355090722,160227414
355237965,355098758
355236654,299370927
355098800,355098793
187297790,355204374
355139881,355184738
355100573,355158660
212860198,14611115
355127891,355174807
155198145,355124164
1262280,355298417
355198439,355198441
355157656,355371584
355941500,355124191
355006720,355006381
255588914,39847989
64192155,355157023
355216858,355236767
355092833,274526783
355207860,355207858
355940893,355124164
355006363,355006338
108310567,355098008
355110533,355110272
355954901,355238503
355167233,355167227
35162168,355110015
355095711,355156674
355124110,355124276
355962465,355801196
355009050,229266789
355101962,355101960
140287599,355190211
355005304,355181946
355156752,355368940
355108820,355108815
355310100,355115783
355099343,124037457
187369365,355162177
305702619,355108707
355006008,355182095
355110528,355110272
277693779,355190201
355204027,355204022
322941454,355007173
355181936,112618841
355090237,355090235
355101424,355157773
355007015,355007013
355095605,355095603
355181790,213287984
355109326,355170224
200084216,355124179
16827115,189809580
355157648,355371579
355196424,355222396
115867727,223028318
355099274,355156539
139553915,355221985
355009064,355179671
355216047,146171576
355108735,355108738
355006877,289827365
355128485,355153771
355102253,355210006
355115854,355176497
355124245,355003671
355157398,355367857
29768684,322941453
42690802,355177083
355236693,299370927
355179446,355208886
355181040,226194124
355209775,355218866
355006046,235325477
244702315,355994921
177939569,355110272
343635736,355110144
355160105,355371184
6559316,260418961
355099239,33430767
355009242,355009201
11214345,355007058
355575935,304206130
126427059,320243346
355115896,355115891
355175648,355174807
10370001,355170352
355941467,141397600
355092040,355118144
355095354,355095346
158544366,355994911
355175535,355174807
355107676,229267189
355199045,355230467
355092833,355216058
355121140,355176238
355110621,355110272
11068271,355153695
29525629,355198753
355004156,355238405
60811145,355239569
186002698,355221684
176600389,355007259
355154252,355154245
355964206,355124078
306377409,355108466
355172691,355172687
355223233,355223090
355198843,319842557
355236965,160226114
78045232,355129428
164896472,355241809
355115779,274698327
355181849,355219356
156795980,214198067
16827115,355006965
355941292,40820348
355156382,174898996
355099638,162425095
355127921,355009058
297677013,355156468
355010928,355010927
355124210,355006720
355004636,355007019
355940669,355124164
355955844,355125677
355127544,355174807
355108121,355108479
355160021,213287984
355009675,355108867
52486066,355095613
355107727,282007436
355110614,355110272
355009986,355102398
355094142,355094139
355003598,355174807
355110282,355110272
355575928,355124164
355179853,327729269
355135845,355209805
169409447,355099194
355126321,355004887
355124183,355124179
221962997,167102034
355007009,355182392
355206733,221681924
355004364,241477156
355004628,355102388
355008886,174257460
355009231,355006760
355090371,58505630
355090509,355174807
355236977,299370927
355213347,355090005
318716706,355198843
355163743,355163747
355094159,355174807
355006817,355006813
355006725,355006381
214036953,355095339
355004559,231229057
355170335,355170333
355102403,355102388
355007036,355181853
136570089,355102398
355005707,219411250
355002346,355002344
31187891,355236748
355004367,355174807
27223768,212497175
355159696,355371519
355110893,355110999
355132506,355006980
45689195,355009390
53809652,136312937
355102417,355102388
355169780,355169777
61301942,355003628
355132507,355010253
355953735,355995314
355143143,355198753
355004366,355099194
355127384,355102398
355110999,355111000
355160901,355369854
355237971,355097957
29768684,150313001
355027753,355184738
355962465,355575918
355198564,249274363
355238661,355238405
355096124,355190614
57498710,355009577
355994932,322161230
355007348,355007344
186002705,259702229
355985696,355010252
355006722,355006381
98290396,355110272
355172082,355369527
355237639,355098181
298218618,355097982
355097996,355097982
355092846,193432507
355011644,355011643
355121116,355170366
3624632,355237649
355160133,355160135
355110973,355110272
27223768,326826195
141251813,211980711
29768684,155128730
355098429,355156605
355163768,355163771
355124239,355003671
355750204,355124164
221210361,355126066
355125979,355006040
355124238,355003671
355219356,355237005
355158974,20801232
355941266,355124164
355223924,355167233
355174807,355176021
355100442,355100438
42517759,41796997
26223124,154748039
355204062,355204058
355008922,355189295
39790695,355204411
355135853,355135859
355018800,355209783
1262280,228362376
160302379,262825989
355005689,40820325
355007031,355007026
355179899,355090813
355236767,355095729
355124536,178056199
355009264,355009260
308507487,355169157
355175141,355174807
229266828,355198291
355237257,355097999
355110328,355110272
355102483,355102482
355110534,355110272
145992719,355107677
355107801,355370886
355008937,355008936
355004118,355003977
67538952,355126708
198982902,355110272
355960113,175311247
355994895,233886338
355124167,355126734
355161170,355219391
355005650,355180262
355115779,355115776
355174897,355174807
355157746,355368326
39790695,355223090
355117777,355117936
355009063,173780036
355997874,355997878
327729269,355102254
355007570,355174807
355215758,355167696
355110139,343635736
355092074,58507158
355179251,355219707
355170336,355170333
313644418,355221845
355006929,355102398
355009239,355009201
355095115,221685299
355240569,39848316
355090808,355157642
355006906,355090375
148805796,355160158
355215277,331617007
133596455,355221851
355157800,355157798
355005981,163901928
355115719,355115718
355156712,355369527
126757876,355213154
355098793,355157492
355011646,355011643
355095952,355157593
355096152,347188019
139954373,355230735
355135809,355115857
270719199,129289899
355110617,355110272
16827115,355007224
355117777,355164125
355236646,355098008
50597642,50000428
355169784,355169777
355009069,50597642
355181865,355215745
355106418,355237705
355156778,355371475
355237704,355099221
355237654,152648678
355106756,355106753
355089500,355089495
355007133,355007127
355110329,355110272
91806025,355009668
355168483,355168481
355940582,355122491
355003726,355102398
355196230,355221985
355204377,355204374
355156605,355368015
202756526,355160075
198981058,17280710
355090939,58507756
355095331,355170352
355006857,355006850
355004559,187475047
355156702,355371184
220904144,85114852
355219738,355294141
355221847,133596455
355102462,58508572
355009535,289827365
355179918,355090707
55720074,355127783
355010337,355206238
355095952,355095960
97349386,255653128
355219460,355100451
355092062,355237968
355204407,355204402
355102225,355120613
37977412,139491963
294947527,355164125
355008334,355102492
286454045,355120644
218857418,355198866
123035996,355132509
355127773,355008617
206348601,112932078
355095662,163017850
78556179,85114852
355102419,355102388
355005005,40820321
355189312,355173473
355097999,355097982
355006889,355168976
122450051,355198753
355958536,355149232
355961136,355961143
355110327,355110272
165732263,344589840
355004413,355004367
191530983,355099097
355198875,355198866
355110277,355110272
105246763,355158428
27726123,355124179
355092392,355090511
355102410,355102388
355009209,355009201
355167695,355167693
355947169,355947171
52486067,207655851
355952872,355230740
182137986,212827788
143435,165222044
355200194,355218968
355125682,355005458
355124275,355004636
355181842,213287984
355127748,355174807
355168481,170152908
355156728,174898996
355940553,355179762
355227187,355237971
355160103,165653953
355090378,355174807
355110310,355110272
355218971,355237639
355008922,108009349
355095889,355099192
355006938,355006934
355127773,355176139
11214345,355198753
355130872,355126738
58057334,355236744
355099097,210177852
356002212,355509830
355102448,355174807
355004638,289827365
355006364,355006338
355230642,355236995
355221807,355107728
355198567,355198569
355095896,355157395
223294371,139638764
355138383,355005776
147182443,167848887
355004536,240441340
355126262,214198067
96817605,355017710
355179762,356004212
355005980,355005979
355127800,355174807
355124185,355124179
355098142,355098140
355027330,355027323
355008597,355008590
160056562,355179918
61301942,355006381
355092984,221233126
355006975,355006973
355157004,174898996
355135842,355135838
355090165,355164125
355102228,355174807
355110611,355158658
355157792,355184738
14887053,355198753
15761634,355164733
355198291,355198296
355095691,355156382
189125442,355199878
355095361,355157414
355095716,355156720
355181788,40820310
355197877,355231320
355237286,355099082
355181868,355216016
355230382,355120644
55508593,355110272
355102257,195866813
355157629,355368174
355184205,233068926
355008348,355006841
355092392,355107117
259129767,355107778
355238032,355098181
355009941,355007347
355241100,144172288
355179536,355115784
355102300,355153360
355198461,355198465
270315425,355198564
355009237,355009201
220904144,344589840
266191931,355097982
355221846,355236748
355111006,355090148
355097994,355097982
355005743,355005741
355126067,199473756
355175319,355174807
355215285,355236982
355126770,164863334
207720077,49898908
355190211,355190216
96285931,355095960
355007333,355174807
355102407,355102388
355941511,355124164
355110619,355110272
355009196,355009195
355124275,43366178
355107811,355107816
138786001,344589840
355008880,355228942
355003716,289827365
290833136,355237639
154310635,355166251
355198554,255653128
355099281,355157597
355110076,355110082
355198441,190140938
43120719,163380949
355215463,192669897
355176455,355371184
355124104,355153771
201844,9600450
355159083,355159223
355090233,355174807
355297154,355297158
355179147,355089182
193433289,355216460
355196199,355196203
355198436,355198439
355180221,355095311
355153493,355153506
355209778,355230690
355998241,355158933
355008923,145099003
355107106,213287984
77985071,355110272
29768684,245203880
355215721,355172027
355092392,355121490
355223926,355167233
83451249,344589840
355094039,355174807
355096129,355095960
355099155,355156377
198951291,87350471
16827115,355005777
355090201,355174807
355099091,83734833
355006015,355213268
355149232,355149227
191530519,355121985
229266829,355159379
355102268,355102265
355006872,355006869
355004424,355004415
355095890,355156598
182651613,355006923
355205646,355205751
355090678,58506759
105880254,355099329
355106773,355159391
355110998,355110272
355173644,355173475
355089195,355293591
355219391,355238037
29422173,154748039
355005707,355009064
355941155,143611656
355953011,355100385
152022729,160227401
355124894,355004419
355107778,206131295
355219337,355236739
355009180,355174807
355124250,355006043
254428878,355998263
355941217,355124164
355098464,355157540
355181792,355218912
355196431,215597935
355092984,355006361
207707568,209577372
355107110,105859342
355158974,355102260
8819305,223947598
355008341,355174807
355099317,355099316
355118263,273900498
355126738,355006817
355153422,355153420
355128677,355128683
355179953,344589840
355006906,355006905
332176352,92223979
355121985,355163066
355138139,355224402
355195886,355196195
355003616,355174807
355135859,355209580
355960111,355960113
355154270,355169258
231203738,319924220
355007181,49392222
355189312,356002214
355089477,355167769
108887868,355190672
355100424,186359097
355005780,355182396
187369365,355102462
355124099,355238405
355124200,355006720
355004365,241477156
355095312,355156392
355132508,355010253
355004364,186317117
355006892,355185802
322926574,355157557
355005787,355005786
355100444,355157773
163017850,355368005
355537469,355125830
355238064,103348076
355099299,355157514
11235277,355164733
355126722,355005309
355009063,355227760
355221764,355236748
355958180,355100385
355027339,355027323
355181528,57867452
355209089,281603164
228406276,355161368
355310116,355115783
355154439,355369527
355221989,355221985
355160251,355160456
355126521,355006050
355090825,198366456
355124233,355204294
355109281,119254220
355106797,355106790
355124971,206608761
355003613,355003610
355009550,355196431
355208888,355109555
355180990,355217694
355007239,355181792
355003671,355003668
355095592,355157063
355102469,274697744
355183050,355238405
355005682,355181788
355175327,355174807
160224542,355004550
355111423,355111418
355008579,355238405
355015421,355204022
355011831,355198753
355209781,355209778
355095674,177875070
322161230,346508675
355127752,355008927
355188328,355099198
355961248,355100385
355958547,355204001
355005292,355005288
355009195,355238405
355196205,186002708
355161390,355161368
355153379,355371143
9600450,355097982
355011078,355239156
222267944,213287984
355310109,355115783
355169785,355169777
355955547,10927530
355102171,355098484
355018027,355124250
355181524,355181518
355109301,355209805
355095664,355095662
355102403,355219321
3369710,264800004
309425988,355089188
355205733,355218854
355219010,355237639
355009607,37569064
10556557,213047020
355109681,355109687
355110986,355110272
355160135,184786368
176598632,355095316
355005714,355180221
355215474,355238055
355206247,355206238
355089195,355102406
154310635,355294141
355135833,355203994
355110319,355110272
355238040,355099293
355124214,355089502
355109541,355110272
355006921,355181796
355108466,355237649
193695940,355237649
138182641,13290886
46490456,355509830
355181535,355215474
51691388,355164733
355940664,355126295
355195198,355195196
355100453,355240156
355011825,355110272
355222552,355237639
355216058,186002710
355154944,167102034
128763132,355153771
355102469,355102465
170152909,179399639
355102265,355164733
355157620,355367981
355110082,355110086
214036661,355099239
355124876,355988971
355007266,286791108
355115854,355115858
355099345,355154084
355940710,355126521
355204029,355121934
355007574,355102398
355109691,355156670
355960113,355115537
329847781,355132507
355156380,355156377
355006050,235325477
11197431,355289765
355121503,355237288
355157154,355371534
355183294,355238405
355210436,92268861
355190201,355216021
355007026,85906008
355135817,355209805
355216676,134417431
355095647,355156392
355110537,355179814
355149231,40820349
355166257,355166251
355099198,114660450
222254637,355238372
10142763,355236739
355095738,355370886
355106798,355160025
355099020,180661378
355095325,355170006
138786001,78556179
355004624,355010562
355090144,355153664
355214059,355099345
355157008,226784994
355096121,355095960
355102253,195866813
355109691,355109695
355947334,355310106
187475035,322447516
355136905,355136898
355109541,215312416
355003253,355003252
355748213,99436262
355159223,355159226
355009082,289827365
355941544,355124164
355109627,355164733
145992719,355509830
16827115,355007036
355183043,355216501
227270279,355181811
355183315,355221985
128845285,355215737
355095366,99200076
355111780,355164125
27223768,355369106
355157642,355369854
82847261,87592473
355237005,355098228
355126074,199473756
169448275,355011080
355118102,197255168
39790695,58695451
162736356,344589840
355160103,299370927
16827115,355005008
61301942,235325477
355196227,355196221
355940703,355124164
355135844,355149227
308403825,355219399
355207858,355207862
83451249,355095960
58622595,355289765
186794227,308507487
320546304,355289638
355998291,355998296
171417302,355153017
355954456,355310100
355310120,355115783
355945770,355126067
355215752,133577388
54922197,355100385
355127783,355238405
355029095,355091558
355195205,213287984
355008564,355238405
355090722,355090720
355181018,355217244
355124200,95193938
355124276,355007160
355095073,355095069
355204249,355204058
355195196,355106433
355123077,355370886
355099211,355099207
355124641,355006941
355099315,322941735
355007146,355007143
355190238,213287984
355007121,274698075
14887053,355167227
28361537,183422424
355195136,355222161
355214636,355236748
190494002,355096133
355941518,175311247
355182425,355218988
167848887,355004364
355200984,355110971
355006933,355006929
255588914,355090229
355005776,355005766
226597810,355007672
355125661,355005645
355095945,272738612
355009624,355167227
355159231,355095612
355125155,355006710
355941042,355205761
355115871,355115869
355190630,355190633
355204372,355204366
355008929,355008928
355005733,289827365
184786368,207403896
42960078,355181804
249274363,355236739
355007628,355294141
355206953,114660450
355095881,355157656
164671437,186002984
355124275,355006906
16827115,355115463
140884284,355124179
355005464,355181015
3181745,355170255
355108867,355108863
355125975,355117569
355156665,174898996
355216673,355156743
355947165,355995314
355238731,174938459
278395372,355948675
355161168,41796997
355102469,274526529
355111434,355111429
355215998,355237649
355008608,355106775
355163761,355163764
355089188,355089184
140884284,214198067
309425988,355009201
165995797,355190647
24297727,355009201
355190639,355190643
355124243,355003671
200673486,322937787
355156241,355369854
355238340,355099236
355111004,355110272
355004550,355180984
355203981,355230690
355007674,355238405
355005442,355005439
355239008,336804927
355149228,355209583
355173649,355173475
355940996,355124962
355090234,355090233
214036794,355097982
355108796,355102274
355988971,355003872
324971958,355159681
355222171,173121915
355027334,355027323
355107801,355107804
355011064,355204411
355109663,355238058
355961143,355124164
355140624,355169777
355006827,289827365
5763141,355370886
16827115,355003357
224834322,355159663
182313355,355090489
355125158,297154633
355156496,355367986
4667096,355127376
355941966,355986528
140884284,217476830
355110064,355110068
355098000,355097982
355108723,355108727
355009404,355238405
58695451,154748039
355310110,355115783
28361537,355006869
355109279,119254220
355942309,355190925
10370001,9600450
355237621,40820185
355127429,355204058
355237401,39848316
355236773,299370927
355110315,355110272
355135838,355203981
195570400,355228579
355126675,355188402
355994928,355994932
355010252,355010250
171417576,355152796
140884284,355198753
355115765,355164125
355089188,249281344
355241100,355095745
355126071,343302573
355156674,355371831
28361537,355007209
355003245,355003242
173099859,355122741
355006057,235325477
355189295,355219736
160043031,355092062
138487639,120042607
355110540,355110272
355954451,355954456
355009540,193433289
355124876,355006758
355179997,213287984
355157591,174898996
170083997,355204382
355179811,355175141
3181745,355370886
355154220,355368435
355124777,355006835
354618228,116311301
3624632,182873346
355170346,355170344
155287725,355111434
355228994,355102400
355098477,355098474
355135857,355141044
160262188,355100385
355126696,322941328
355110980,355110272
11214345,355003624
198951291,355003671
355124115,355153771
355157832,355371886
355099363,355174807
355102194,355174807
104387718,355223090
355988232,355221992
355007181,355007175
355100576,355100573
16827115,355007147
355099165,355099160
355009229,355009201
355180656,355219429
297677013,355157429
355096394,355164125
355006338,355198753
355158275,167102034
355007198,355007192
355126263,355125155
355149235,355149227
355098803,193439060
355198470,200133774
346183134,355184738
355941267,355986528
355941189,175311247
355135853,355135857
355007630,355238405
355109537,355109330
355098755,355156241
355178422,355218971
191530982,355156665
355238369,355102260
224166670,355156392
29422173,355204388
173358335,241477156
355181788,355215732
355190244,293552140
22979768,355124164
90808250,355106405
58622595,271609270
355091804,58508568
355168321,174898996
355156759,343474545
355156776,38951608
104387718,355004182
355124191,214198067
298937150,355124164
355110990,355110272
355196434,355221985
355153506,355153512
355215472,236743303
14611115,355160747
39790695,355006877
355209670,57498719
355124249,355006043
16827115,355204382
355940643,355124971
355003724,355174807
355195163,355204998
355125677,355007252
355126066,199473756
355952886,355100385
14887053,165222044
355160158,355160160
176592851,355124164
355006846,110549870
355095117,355157574
355578037,187475038
355101446,355101443
28361537,355006907
355094107,355157023
355190690,355190693
355004642,355241511
355095705,224426812
355118146,355153360
223557536,355007264
355004362,241477156
355004152,355238405
355124966,355006855
215597935,170821137
355204379,355204374
174257460,355168508
355154070,355369527
355110989,355110272
355090005,355090003
355160255,174898996
355179813,355110616
355010901,355110272
355136898,355209580
355115871,355121990
53809652,355237651
355003628,289827365
355208610,318700837
325098857,199765829
355124921,40820338
355110139,355156382
355006760,154748039
31187892,355238032
355943342,257405341
355006792,187475052
355179827,355090825
41165502,355099027
277693358,274986647
355297154,355297156
355006917,355012551
355179439,355208888
355940890,355124170
355126259,214198067
355190618,355172695
355008342,355172756
355099345,355099338
355132846,143154245
355003632,355197877
28361537,355004624
355102188,355174807
355998055,355126263
355005980,355011607
28361537,241477156
62949820,355202034
57498706,355006718
355112755,355156712
96285931,220904144
355009553,355009550
355136906,355136898
355940634,355995314
355108757,54194102
355011078,355011076
355127369,355007146
355203605,355204366
355003545,355174807
346354697,143616691
355121104,355170255
355994911,244702315
313095703,355106384
355998230,187475041
355106418,224834322
355181828,355092074
182368564,355122741
355120786,355120782
355945775,355947114
355160061,355160144
355092838,355370886
355099021,33430767
355109663,144681823
355180253,344589840
355126659,355007054
164919436,355110272
171417530,355152595
355941298,355124229
355136904,355136898
160863746,355110272
355006726,355110272
355008033,355092783
355110314,355110272
355190238,355190244
355005741,355161171
182504782,355096157
175524704,355099338
329794382,355161172
181052030,355006857
355206255,355206238
355109681,355157023
355219471,355237009
355090529,355236748
168320239,246767805
355239021,355239024
355617472,355998291
355236990,355098181
95756865,355111429
3624632,236765956
355010904,355238988
355095311,355238006
190503263,177248169
355219721,355219718
355009171,355009170
11214345,176599737
355102310,355115776
337279283,233068926
355092063,355174807
355009005,355238405
355006711,355006381
355962381,355100385
355163759,355163761
355122330,95114732
355204684,355222171
355096136,355095960
355108710,172339566
355009187,355102322
355095721,355095716
355092096,355092093
355007058,355179997
355221824,355108722
355198845,355198753
355127763,355188877
160230293,344589840
355098791,355170344
36900495,355170333
355179813,355181518
171417302,355161417
355110307,355110272
355189729,355189907
355126772,355006933
355106406,102882901
355142895,355143416
355941461,355124164
213568400,355997874
355165711,355165709
355006839,355006827
355941201,355126740
140884284,122450051
355110093,298732576
108009349,355153360
355004636,355005646
68891403,187475040
79169012,355371463
355157582,101395130
355155883,355213567
15761634,39848316
180661378,355157360
355156743,224922665
355157638,322941453
355124055,189117836
355115756,355164125
355011611,355181076
355184767,355184738
355941473,328130517
355940659,355124077
355093299,355370886
355007581,355238405
355004890,40820320
355179802,355238405
355181941,355215275
211960995,177392369
355198697,355113172
355237651,355099278
355110291,355110272
187475050,289827365
16827115,355006860
355107689,355160114
355181076,213287984
226018856,355237990
355090813,260732528
355216013,355237680
355115768,355164125
123035996,355110272
355940987,228840813
355228942,190513838
355009576,162068863
31187892,37977412
355115770,355164125
180219451,355102398
355189940,344589840
355115528,355115524
355099265,355099257
355007241,355007239
355009172,355238405
8819305,355204402
11214345,355003239
355177083,355176849
164436831,124037457
189879425,355009201
355005453,355181018
355238660,355238405
355009643,179428461
355008590,355099338
355007058,355167721
355153422,179149178
355141050,355203999
355127811,355238405
355941520,355124164
355961446,355100385
273495266,226794728
355124098,355174807
355109555,355109553
355009233,355100576
355941451,355126616
355135842,355149227
355008614,355188877
160302379,355183342
338204237,355010928
355003247,355110272
309391959,62730381
355110099,194974787
104387718,355006040
11214345,355204402
355196230,355222396
355173250,355176066
355160124,355160125
355965561,355009577
355124248,355006043
355027344,355027323
201844,39848316
10556557,309622019
256578631,355370886
355160135,355371184
355100392,178193861
355126754,355006360
355009662,290832681
229266830,355237639
355160144,143059570
167790063,355995314
355198871,355198866
139491963,355369854
355092036,355174807
355009651,355009653
355204390,355204388
355090366,355090248
10927530,355198753
306528158,355195136
109437556,314675461
355009230,355179144
355124121,355238405
355095685,355156241
355179873,355198753
187499539,355006732
355092392,355236712
204221638,355095646
355159239,355367719
156627667,355204402
355009210,355009201
3181745,355156241
355106798,355157008
355102254,355994382
355126326,277438075
355216673,355213563
355238330,355098181
355111373,193695980
355027327,355027323
355124894,355089551
355027341,355027323
10556557,108620118
355112018,355112011
355110308,355110272
355102406,355102388
355222171,355236739
154310635,355237292
355181853,233068926
186002980,355160259
355238659,355238405
355027323,355209783
355095642,40820178
39135216,83451249
133577405,160230290
355111435,355111429
355941511,355995314
355110993,355110272
29768684,165065924
28361537,355007247
355180984,355217467
355098544,355157004
355124243,355109611
355005444,128845285
123858559,355230735
355238503,355238405
355009206,355214583
355003727,355003726
355196227,355108757
355127781,355238405
292313450,355095685
355941272,306284926
355180737,355218995
123035996,178193861
355011373,200673341
355990120,355124231
355005645,355005464
355373668,355958562
355098439,355157023
355189282,111985930
8819305,355127331
355994977,355126280
355005679,355178422
355004636,355005669
219891831,162097721
355009216,355009201
355006359,355006338
205422615,355237649
355010926,355102392
187309135,33430767
143762109,355110272
355180737,355201327
15761634,201844
355204044,355204043
355231320,355294141
355107727,355164733
355154953,355154952
355175625,355174807
355008613,355991327
187309136,136570089
355127914,355005707
355124785,355006946
355218968,355237961
355098228,355098222
355125658,355004185
355181547,355102375
355095642,216031222
224073588,355108494
355185802,355214525
355006709,355006381
355099207,355157572
355219718,355100453
355238079,355095335
355110993,355095883
355008886,355008880
355958547,355136907
177392369,355160479
355238342,52486067
138727389,186635243
174942580,177934174
355230521,355120644
355154093,242577141
355004615,165222044
355221854,212285121
153718713,355170255
355110526,355170336
355198465,355198470
355111426,355111418
81587795,355154250
355125666,355007015
355184738,355163541
355096122,355095960
355106756,355098008
355090172,355090165
355941119,355124250
39135216,214198067
355006360,355006338
355007344,355092096
355179840,355099184
11235277,233068926
355941184,355125682
355189282,355294141
355005783,355170335
355160099,355160122
355006873,355006869
226277185,355089195
173856854,355110272
355091275,355168943
28361537,355198866
355110040,272753110
355008576,329794382
355005669,355009019
139911316,355124185
355198306,355198309
355198871,158544366
355124205,355006720
194581614,355164125
355182414,344589840
162456611,226784994
154749759,355007266
355940994,175311247
355126822,134085968
217854821,355121931
355126331,355090939
140884284,355124778
355947171,355120786
26223124,39790695
355109695,355109699
355090511,58505823
80574245,355095121
355200321,213287984
109437556,355198753
355097982,355156678
355157572,355367542
355222580,355294141
143154245,355102274
355124776,355005739
355188390,355188388
355216006,355221646
355108727,355108731
229267191,355110051
355124647,355005442
29525629,306406127
28361537,235325477
355095887,355157408
355940684,355124971
355128667,355004559
355962396,355124164
355238051,39848316
355008569,355174807
27223768,355370483
84618024,355124910
355154282,355368055
355007610,355174807
355190651,108887868
355988848,201357741
355110107,355110111
355092714,355174807
355223981,355237401
355121988,355294191
355238648,355238405
355124166,355988848
141251813,355157406
355124082,355174807
10370001,355097982
355154251,355154245
274986647,206348601
355204422,355204411
355180262,40820306
168088967,355088870
355195875,355195878
355941119,48384271
190140938,355198448
126793952,355237687
355108763,355370886
355090218,27077748
39135216,355004187
355004159,40820319
28361537,355005700
355102402,355099158
355141040,355209778
355092062,58506737
355095650,322950395
355006731,139600241
355098142,355110991
355168332,174898996
355163567,68892235
355159230,164322735
64192155,139491963
355153486,355176049
355180649,355218859
355157382,355368088
355945932,355176009
355008342,355008341
355110995,355110272
355126283,355004182
224043203,355190679
355009246,355174807
355109626,355156382
28361537,182223312
355110086,355110090
355010327,355180737
355179825,178260889
355170350,355170344
355190229,355294509
355940870,355127369
355124244,355221944
355156790,355367851
355575923,355986528
9367887,242934464
355096132,355095960
355180262,355215080
355102394,355102388
16827115,229090692
355126770,355007100
355098758,355098755
27223768,355371895
355181009,355203025
39790695,355006381
355941115,170152909
355100722,355153360
355182203,146793065
355222058,355106383
355101955,355101951
355941464,355124208
159856926,306377409
355180216,355217694
355127787,355174807
355157555,355368339
355094193,355164125
68892235,355163573
355091558,355174807
98990302,355994977
355108722,355108719
355204385,355204382
355239206,112932078
355095894,355095890
355157596,174898996
355124127,355174807
355095592,355156745
355008031,355183283
355089195,171417530
10370001,355153360
355199607,274527125
355110040,355157023
355115484,355157296
355004548,190504335
355179969,344589840
355089246,355176137
242934464,194581614
191708948,299370927
355216016,355236965
355181796,213287984
355006055,235325477
322937874,355006720
355110986,355091275
355221912,355221916
318228773,355124785
83451249,58057334
355195884,355102414
355006782,355174807
355102217,355174807
355006834,355006827
355003704,355099343
355243712,355244104
355218859,355237639
355941162,355124164
355102377,355174807
355174199,175311247
355120639,355164733
10927530,355006040
355213280,355100392
246594907,355110272
355236973,299370927
355108868,355108863
355206243,355206238
355003645,355003644
265714531,355132508
355236681,355095115
355006708,355009201
355128274,355174807
198951291,355130088
61301942,355198866
16827115,355005780
355110884,355110272
355115719,355107698
165699618,355204366
145992719,355207860
355118263,308918251
355010925,355183031
355156743,355154093
154310635,355222568
355221691,355164739
355088949,355152795
355297136,217854821
355126280,355004182
355157364,226784994
355209780,355209778
355089195,355115776
322950888,355237639
355179811,226597810
355121142,355170352
355994942,340839071
355183279,255653128
355004536,355230735
355005692,355005689
6559316,355368848
355230735,112921546
355220788,355102245
355102455,355174807
355095613,355157488
35162161,355205000
355101084,229781002
355237240,355289635
355099303,355099299
355096127,355095960
355179634,355213324
333469,355098222
355002282,215590785
355219356,172910634
28361537,355006942
130627156,178671562
209577372,355181824
355106384,169323992
29023691,355190690
46490456,355110272
355012997,355160423
355221764,355221807
355093987,355156776
355948031,355124980
355092403,58505819
355128347,355115828
178056199,355004443
355162165,182896240
176536466,355110272
355110886,355110893
355122770,355122741
355110987,355117777
180219451,355122778
11197431,355166251
355006856,355012175
355958562,355227240
355098538,355098536
355009638,355009643
355180257,355219324
355106383,324971958
355238055,355099139
355110522,355110272
221038042,355090394
355007019,355181777
355159231,164322735
355217244,40820192
15761634,355170333
313101867,228406276
187475047,355128677
355136251,355230735
355166257,355221868
355005719,355005714
355214648,355238367
11068271,355156241
355136904,355227237
355136918,355136921
178063174,355098554
355005777,289827365
221712567,224043203
355204404,355204402
355160446,174898996
255663440,355370886
355951678,355100385
355006758,154748039
355175646,355174807
322950395,191609677
355095303,355095124
60163852,355367849
355157593,355368327
355124641,355005719
355181804,10142763
347306925,355124205
355006941,355006939
190504335,165222044
355167696,214036795
160226114,355099143
187475042,72780249
354618228,33430767
355098442,355098439
99436262,355127923
355952742,355100385
194581614,353699854
170923175,355006723
355006860,355181528
355190666,355221760
355006835,355006827
355170335,66919198
182270237,231203738
318700837,355184738
20801232,355159083
355230430,355154253
219820240,355370886
355149230,355149227
322941328,355006948
130186470,355128653
355135848,355135853
28361537,130581640
355009102,289827365
355098251,355098249
355109250,355109248
355216303,355236748
355008619,355008618
355537121,146812295
355095695,355095691
355160116,167102034
355009613,355118148
355121968,355121962
355182396,213287984
355214493,355102402
355203596,355203592
355027328,355027323
355095366,355095361
355136918,355209569
355136926,41796997
355008630,355238405
355941002,355124536
355115779,355090371
355108762,54194102
355009184,355009183
207877995,160278722
355180265,143611783
355238966,292313450
355004893,138487639
355006381,289827365
186002972,315688510
27223768,355369245
355006354,355006338
355961946,355100385
355127555,355149227
355102408,355102388
177934174,355100392
355243745,355095642
355124186,355124179
355127398,355238405
355196416,170821137
355198569,355109650
