txId,class
10278231,unknown
163809013,2
102614111,unknown
168218829,unknown
163670715,unknown
168147351,unknown
163830665,unknown
163830659,1
166489983,unknown
166489984,unknown
168147831,unknown
126049772,unknown
163687281,2
41274750,2
19464327,unknown
163678943,unknown
163712254,unknown
163832330,2
166073406,unknown
163670754,2
163901553,unknown
163901550,unknown
163694297,unknown
163828447,unknown
163593980,2
163593975,2
123934633,unknown
163817888,unknown
163687130,2
163807970,2
163701817,2
163885895,unknown
166070349,1
164412870,2
167129269,unknown
168124206,unknown
128622661,unknown
163869666,2
163737480,unknown
142542756,unknown
163586440,1
142611854,1
165862490,unknown
166082754,unknown
165875954,unknown
165876294,unknown
56939285,2
168175194,unknown
163629829,unknown
163629834,unknown
163586165,unknown
163896734,unknown
163710146,unknown
163867966,unknown
165837511,unknown
4696912,unknown
163681370,2
164729391,2
35982595,2
80352165,2
163678726,unknown
163678530,2
166494896,2
163817917,2
163595946,unknown
163670721,2
34699515,unknown
34678097,unknown
163592537,unknown
163592533,unknown
153721293,unknown
163810729,unknown
6720779,unknown
168115131,unknown
168103523,unknown
166133708,unknown
148094014,unknown
167711130,unknown
161374428,unknown
163592236,unknown
163879834,unknown
163819495,unknown
163819493,unknown
105416913,unknown
168150942,unknown
163670734,unknown
133544440,unknown
163734016,unknown
163734005,unknown
168131739,unknown
166491722,unknown
163651194,unknown
163651192,unknown
163651952,unknown
166489965,unknown
163744127,unknown
166526770,unknown
166495446,unknown
163815888,unknown
163725991,unknown
163810144,unknown
163810481,unknown
163866969,2
163866979,2
163651196,unknown
164122098,unknown
163653265,2
163653264,2
128930350,unknown
20786151,unknown
163687919,unknown
163687685,unknown
166471055,unknown
167654663,unknown
163584358,unknown
166067288,unknown
163862205,1
168158009,1
136579658,unknown
39944519,unknown
163704791,2
163892576,unknown
163685462,2
163685458,2
4232201,2
164149211,2
165853723,unknown
165853728,unknown
163693743,unknown
163804154,unknown
163746034,unknown
163745884,unknown
166072787,1
163733966,unknown
163846705,2
69587579,2
163895318,2
163682675,2
163735402,unknown
163649282,2
163687205,unknown
165838025,unknown
163711545,unknown
163824665,unknown
163824318,unknown
163832323,unknown
163832295,2
165889085,unknown
165889086,unknown
163889383,unknown
163889387,unknown
163863527,unknown
163863506,unknown
22373564,unknown
163892460,unknown
163708851,unknown
163708854,unknown
163680382,2
163649357,unknown
163687584,unknown
163705613,unknown
3222249,unknown
166080421,2
163654643,unknown
163654533,unknown
166077407,unknown
166083311,unknown
23308684,unknown
42156855,unknown
166502192,unknown
168115599,unknown
163654860,1
163849777,2
163694210,unknown
23881442,2
157319250,2
163815667,unknown
163815638,unknown
163864640,unknown
163864628,unknown
13770911,2
163670753,2
163666646,unknown
163666652,unknown
163710140,unknown
168113708,unknown
168114003,unknown
166071318,1
166071322,1
165867231,2
163652365,2
163829174,2
163734088,unknown
163734076,unknown
163692451,unknown
163692459,unknown
163708422,unknown
163708425,unknown
163734922,unknown
163735631,unknown
163654552,unknown
164376970,unknown
166081729,unknown
163883199,unknown
163810601,unknown
163591389,unknown
163701821,unknown
31822981,unknown
163843547,unknown
163618979,unknown
163858834,unknown
163670735,unknown
163670571,2
163901909,2
163901912,2
163705924,2
163832320,2
163864817,unknown
163908343,unknown
75486120,2
163909216,unknown
97748671,2
165857579,unknown
163681988,unknown
163655918,unknown
163889968,unknown
163889959,unknown
164089672,2
163704813,2
163680706,2
163689937,2
163653145,2
163653048,2
165869274,2
163909490,2
84810,unknown
163867656,2
168116453,unknown
168116458,unknown
163653384,unknown
166490471,unknown
163651610,2
163651655,2
163666641,unknown
166499687,unknown
163817810,unknown
48202347,2
36587040,2
163833405,unknown
163834061,unknown
130004858,2
165890823,unknown
163650318,2
163826181,2
163711925,2
163867629,unknown
166133896,unknown
44138313,unknown
165837192,unknown
165837200,unknown
163649658,2
164122932,2
164760770,unknown
58371716,unknown
63387239,unknown
163732076,unknown
166500087,2
163815362,2
163668557,2
163668520,unknown
163734089,unknown
18896540,unknown
163654670,unknown
163592464,2
163709468,2
163666430,unknown
163666433,unknown
163662273,1
163832331,2
38205777,unknown
163663438,unknown
163650398,unknown
163650401,unknown
163650062,1
163649829,unknown
168209335,unknown
135981286,unknown
111332716,unknown
11113939,unknown
163820034,unknown
163820042,unknown
163650382,unknown
163650387,unknown
163815413,1
163818929,1
165889849,2
164917480,2
163867058,2
163867248,2
163747881,unknown
163862565,unknown
163878944,unknown
166135473,unknown
168115333,unknown
166071273,1
60620004,1
163701129,unknown
92139902,unknown
166071244,unknown
164500154,unknown
163694335,unknown
163908023,unknown
165850173,1
165850175,1
163816734,unknown
163816730,unknown
166519508,unknown
107617367,unknown
166508290,unknown
62492389,unknown
119568448,unknown
163889674,unknown
164759410,unknown
168138770,unknown
168115296,unknown
165182732,unknown
105278333,unknown
166553268,unknown
163706450,unknown
163832302,unknown
163654686,1
163667273,1
163667278,1
167656148,unknown
167703052,unknown
166068433,2
163655547,2
166519503,unknown
163736486,unknown
38782212,unknown
163823178,2
163871658,2
163588426,unknown
21012317,unknown
163884689,2
163884616,2
163704565,unknown
85695493,unknown
163592451,unknown
165890815,unknown
163847353,2
168176011,2
163886847,1
96491400,2
163673261,2
163902378,2
10273344,unknown
138726915,2
163822979,2
165849369,unknown
75528333,unknown
22391109,unknown
163654998,unknown
163711891,unknown
163711898,unknown
168137630,unknown
56986273,unknown
163649913,1
163686905,unknown
163862846,unknown
163586124,unknown
166072898,unknown
163722651,unknown
167707051,unknown
163822794,2
163822797,2
163704245,unknown
163704239,unknown
163691877,unknown
143344533,unknown
164775638,2
163688509,2
163591905,2
163591899,unknown
163832328,2
163661973,unknown
103913009,unknown
163667318,1
163667324,1
163653413,unknown
163861849,unknown
163887041,unknown
164105600,2
166071657,unknown
166072716,unknown
163686861,unknown
163686853,2
165848936,unknown
102406630,unknown
1341288,unknown
163668325,unknown
48779720,unknown
168156339,unknown
168147032,unknown
167124959,unknown
163720270,2
163720276,2
166499778,2
165573067,2
163866795,2
163866804,2
163600142,unknown
166094983,unknown
163585330,unknown
163585334,unknown
163720724,2
163720727,2
165336901,unknown
166540249,unknown
1180975,unknown
35419254,1
165892973,unknown
163654648,unknown
40944235,unknown
163687924,2
163747718,unknown
104268693,unknown
165888449,unknown
163821035,2
163821039,2
163709050,2
163803275,unknown
163802964,unknown
164461872,unknown
163683424,unknown
163736510,unknown
163737221,unknown
165837793,unknown
163654536,unknown
166105136,unknown
163673319,2
168115283,unknown
168115291,unknown
168118995,2
163823983,2
163651202,unknown
163816154,unknown
163866733,unknown
166180993,unknown
164888209,unknown
163893315,2
163893320,2
30022545,1
163586078,1
39011680,unknown
166526119,unknown
166526110,2
168148513,unknown
168148519,unknown
165902966,unknown
163804664,unknown
163846813,unknown
167743047,1
62082825,1
32922975,2
163807968,2
163807966,2
163678953,2
163678950,unknown
163681357,unknown
166500123,unknown
166499019,unknown
166499685,unknown
128341240,unknown
29767411,2
168206934,unknown
168136405,unknown
166507048,unknown
1183087,unknown
145395466,unknown
163824108,unknown
163846259,unknown
163655085,1
163655083,unknown
53253913,unknown
168147763,unknown
128341239,unknown
163892698,unknown
164772185,unknown
168148537,unknown
164929680,unknown
163875351,unknown
163875349,2
168148012,unknown
64804641,unknown
166073898,1
163809264,unknown
166496099,unknown
84813906,2
163721539,2
163815428,1
165837460,unknown
163895460,unknown
163895350,unknown
166526114,2
163693796,unknown
41239634,unknown
686329,unknown
163687214,2
163745038,unknown
163708457,unknown
163825493,unknown
163683471,2
48863516,unknown
163708046,unknown
40937342,unknown
165858806,2
163810179,unknown
163810174,unknown
167475635,unknown
168141773,unknown
163593268,2
163818884,2
163830859,unknown
37018827,unknown
166071311,1
163704800,unknown
22376572,unknown
13212310,unknown
163862571,unknown
10392895,unknown
84260632,unknown
163806344,unknown
163806348,unknown
168135843,2
168135850,2
131614998,unknown
168147749,unknown
163653557,1
163886843,1
163818427,unknown
163818429,unknown
92643368,unknown
163808900,unknown
163591925,2
163650155,unknown
163671671,unknown
163671498,unknown
166493082,unknown
166561528,2
52034554,unknown
123508502,2
165804294,unknown
165849609,unknown
163592544,unknown
163592539,unknown
163809801,unknown
163809798,unknown
163597291,unknown
166507352,unknown
168018171,unknown
163584948,1
168117086,unknown
163694918,1
163886758,1
163592460,unknown
165041873,unknown
163866206,2
163866204,1
166518551,unknown
163886868,unknown
62294139,unknown
163695830,unknown
163807977,2
163807974,2
163707712,unknown
163655004,unknown
163875355,unknown
166080819,2
56475009,unknown
163875389,unknown
26401833,unknown
168173722,2
166081077,unknown
163650592,2
166488975,unknown
164114535,unknown
168153805,unknown
163707251,unknown
163586406,1
163586417,1
163896042,unknown
166521556,unknown
74110981,unknown
163823945,unknown
163823940,2
166509197,unknown
73978619,unknown
168148474,unknown
167194345,unknown
163805791,2
163865419,2
165847489,2
163649679,2
166508723,2
163825848,unknown
163649915,1
168112612,2
163687316,2
168146775,unknown
163868021,unknown
165889088,unknown
165212084,unknown
163802988,unknown
163822985,2
163822991,2
165850453,unknown
165850457,unknown
163734015,unknown
136452699,unknown
163832318,unknown
8017983,unknown
163867647,unknown
163829161,unknown
168140213,unknown
57868244,unknown
163649677,2
168126059,unknown
167748859,unknown
85695503,unknown
85695144,unknown
163629181,unknown
163629178,unknown
166496103,unknown
163819755,unknown
163653503,unknown
165853608,unknown
163650379,unknown
163650377,unknown
163683436,unknown
163683422,2
163893106,unknown
163893045,unknown
163819520,unknown
166068445,2
163701124,unknown
163803590,unknown
163809262,unknown
163829285,unknown
42117319,unknown
165145717,unknown
163656784,2
163707746,unknown
163852015,unknown
166501659,unknown
60653830,unknown
163808017,unknown
163808014,2
163613192,unknown
163829651,unknown
165838890,unknown
163805804,unknown
163670749,unknown
163663104,unknown
163663101,unknown
163820072,1
163820076,1
166503561,unknown
163654905,unknown
163654549,1
163654813,unknown
165849395,unknown
165849399,unknown
166081953,unknown
164354707,unknown
165849657,1
124876736,1
163721553,unknown
6322513,unknown
168183083,2
166499045,1
166499051,1
48517010,unknown
163010789,unknown
163866995,2
163867004,2
165837104,unknown
165837275,unknown
163711901,unknown
163711902,unknown
163654351,unknown
163584288,unknown
163654346,unknown
6836757,unknown
166514304,2
163822268,1
15254893,1
163824386,unknown
163833155,unknown
129029213,2
163806556,2
163902379,2
163711547,unknown
163852057,unknown
163736467,unknown
163736476,unknown
164115043,unknown
168125711,unknown
163832322,2
165212582,unknown
163846273,unknown
167748861,1
168139100,1
27844437,2
103913099,2
163833384,unknown
163833379,unknown
118362087,unknown
168154711,unknown
163664566,unknown
163664750,unknown
166499765,2
166499767,2
70414767,unknown
166499017,unknown
163736496,unknown
163657331,1
163658888,1
163802946,unknown
163802941,2
163705606,2
164110003,unknown
163815723,unknown
165890493,unknown
165852701,2
166075249,unknown
163862207,2
163862197,2
163688505,2
163911438,unknown
70235152,unknown
165366666,unknown
164336108,unknown
163804180,2
163703434,unknown
166519430,unknown
163822784,2
106665238,2
163822036,unknown
163822032,unknown
163886453,unknown
51762733,unknown
163655108,1
89199852,1
163867640,1
163826599,unknown
37018824,unknown
163673320,2
163809279,unknown
163722649,unknown
163867960,unknown
163660881,1
163661413,1
163804215,unknown
167171369,unknown
5577545,unknown
163867307,1
163867589,1
2947415,unknown
22381999,unknown
163622460,unknown
163622803,unknown
168110087,unknown
166860053,unknown
168110390,unknown
164113697,unknown
163708429,unknown
88765986,unknown
163872596,unknown
163821541,2
163821548,2
159939687,2
29060121,unknown
166519471,unknown
166519484,unknown
163601735,unknown
166487424,unknown
163867969,unknown
163883187,unknown
281804,unknown
17287179,unknown
163585653,1
163585815,1
163862540,unknown
165840296,unknown
165840723,unknown
10206666,unknown
17158862,unknown
163669681,1
5167400,1
163585030,unknown
163708888,unknown
163909226,2
163661939,unknown
163591591,unknown
163708442,unknown
163823435,unknown
163656824,unknown
167149656,unknown
168135949,unknown
166519491,unknown
166519495,unknown
168155386,unknown
163662246,unknown
163710833,2
163655428,unknown
163655425,unknown
163821536,2
163862202,unknown
166066581,unknown
166066589,unknown
168125714,unknown
168125717,unknown
163609032,2
163746606,2
163886760,unknown
163666980,unknown
166495457,unknown
163819498,unknown
163720688,2
163720698,2
163720732,unknown
163823201,unknown
163823205,unknown
163706425,unknown
163804195,unknown
163656384,2
168151803,unknown
163666397,unknown
163693560,unknown
163876058,unknown
165849400,unknown
166500126,unknown
163596680,2
163596671,unknown
163696161,unknown
163685501,2
163875378,2
165212069,unknown
165888462,unknown
163598122,2
163598118,unknown
165837505,unknown
165837508,unknown
163833390,unknown
163833385,unknown
168174688,2
166084016,2
134617269,unknown
22849278,unknown
163814869,unknown
163653266,2
163601219,2
163585945,unknown
163585954,unknown
163828785,unknown
163676322,unknown
163889356,unknown
63646976,unknown
163709471,unknown
125711425,unknown
168218822,unknown
75748249,unknown
163825901,unknown
165853623,2
166082162,unknown
166074569,unknown
47221517,unknown
165840743,unknown
163865708,unknown
10280742,unknown
163721571,unknown
163842321,2
163815670,unknown
163818203,unknown
163707825,unknown
163687322,unknown
163687317,unknown
166065669,unknown
163817848,unknown
163866724,unknown
167129276,unknown
166507364,unknown
120986951,unknown
163586117,unknown
165849361,unknown
165849366,unknown
163862200,2
163804238,2
163808152,unknown
163808151,unknown
163893328,unknown
166540240,unknown
163747162,unknown
100569388,unknown
163686871,unknown
163810598,unknown
163869970,unknown
166003662,unknown
53253914,unknown
163893610,unknown
163650408,unknown
163650411,unknown
163685236,unknown
4288021,unknown
166071612,1
166071629,1
163700261,unknown
163803266,2
163855781,unknown
80352049,unknown
163683437,unknown
163653270,unknown
163653268,2
163705416,unknown
163889706,unknown
163828687,2
166442655,unknown
163711168,unknown
163654672,unknown
163603438,unknown
163662545,unknown
166507355,unknown
166507354,unknown
163691273,unknown
163591909,unknown
163591907,unknown
166493578,unknown
163654828,2
163836068,unknown
166526122,unknown
163867261,2
11797016,2
78348608,2
163720373,2
166532184,unknown
16704333,unknown
165837276,unknown
163694484,unknown
163803052,2
163649916,1
26754128,2
166100042,unknown
163670756,1
66640302,unknown
163829628,unknown
163885846,unknown
163806544,2
163868034,unknown
168110077,unknown
163869669,unknown
166497229,unknown
163709376,unknown
163886336,unknown
163808903,unknown
163820078,1
64230444,2
7028169,2
163656819,unknown
164083924,unknown
18908943,unknown
163815371,unknown
166529472,unknown
38327782,unknown
163632487,unknown
163809534,unknown
163809528,unknown
163655902,unknown
148821651,unknown
168219115,unknown
163700490,unknown
144708548,unknown
166505861,unknown
163682688,unknown
165888750,unknown
163721605,unknown
163705611,unknown
165838602,unknown
165838607,unknown
163865277,unknown
166076279,2
163831763,unknown
163831761,unknown
163846807,unknown
163854971,unknown
163584893,unknown
164381748,unknown
163650413,unknown
163650415,unknown
163711912,2
163809695,2
168162716,unknown
144435268,1
76965280,unknown
163651266,unknown
134282647,unknown
163691027,1
166491668,2
62447974,2
166502557,unknown
163834057,unknown
163868298,unknown
30929720,2
163734081,unknown
38782216,unknown
168149320,unknown
168149743,unknown
163878890,unknown
163649660,2
165862955,unknown
163657324,unknown
163814690,unknown
168143561,unknown
163707837,unknown
100046666,unknown
5369311,unknown
163814917,unknown
163814923,unknown
163705583,unknown
163705580,unknown
166089884,unknown
104325136,unknown
163596684,2
166073496,1
163705572,unknown
163803270,unknown
164344010,unknown
163675084,unknown
17942794,1
166499386,1
165856403,unknown
168194819,unknown
19596186,unknown
163654834,2
163654832,unknown
166540652,unknown
166540661,unknown
163686906,unknown
137500782,unknown
163665821,unknown
167124770,2
163589307,2
163743252,unknown
163912578,unknown
163806515,unknown
163681360,unknown
57773227,unknown
163631023,unknown
91665078,2
165888996,unknown
165888998,unknown
163708439,unknown
163687309,2
163883177,unknown
163705928,unknown
163815368,unknown
163590006,unknown
163680377,unknown
163687227,unknown
163694346,unknown
168203738,unknown
163833140,unknown
163711546,2
163711539,2
163889676,unknown
163710829,2
163596070,unknown
166096274,unknown
63414409,unknown
163888774,unknown
163904166,unknown
168103503,unknown
163656417,2
57172292,unknown
163886780,2
163720722,2
163888946,unknown
163888951,unknown
164113694,unknown
168104556,unknown
163595299,unknown
163724848,unknown
163860637,unknown
163860643,unknown
163808847,unknown
163808845,2
163839851,2
40733287,2
163621792,unknown
163621796,unknown
163886392,unknown
163886388,unknown
163584891,unknown
163584909,unknown
103913101,unknown
163816185,unknown
163694190,unknown
163654538,1
166072734,unknown
14584458,unknown
163824975,unknown
163892467,unknown
168147739,unknown
163694478,unknown
163694471,2
163625033,2
165902586,unknown
163802993,2
166492424,1
168158015,1
163862189,2
163706433,unknown
163832312,unknown
168115303,unknown
168140474,unknown
168149717,unknown
164145499,unknown
166489981,unknown
163734913,unknown
163835581,unknown
167485802,unknown
168110096,unknown
126378923,unknown
165848917,unknown
165848920,unknown
168124215,unknown
167743090,unknown
165867316,unknown
165867321,unknown
92643357,unknown
163814697,unknown
163866226,unknown
163584296,unknown
166509204,2
163693155,2
166494223,unknown
163814921,unknown
163586069,1
163586071,1
163708783,2
163708782,2
67711554,2
163810129,2
163810123,unknown
163841659,unknown
166073965,1
166083307,unknown
165041888,unknown
163706376,unknown
166080287,2
163654909,unknown
163603465,unknown
163603455,unknown
163722632,unknown
163722634,unknown
168112604,2
168112608,2
163813929,unknown
163806274,unknown
163865260,unknown
163598123,unknown
165841021,unknown
163864995,unknown
166073411,unknown
166073413,unknown
163654640,unknown
56346905,unknown
163723172,unknown
163621148,unknown
166071304,unknown
168140433,unknown
49763328,unknown
163585499,unknown
166508767,unknown
163806299,2
163806306,2
163694218,unknown
163805242,unknown
116599983,unknown
78403720,unknown
163584758,2
166499147,1
166499286,1
163830214,2
168135951,unknown
163704820,unknown
163726483,unknown
142865403,unknown
166540281,unknown
163832317,2
165902581,unknown
164124385,unknown
163663135,unknown
164902453,2
28533266,unknown
165849392,unknown
163842011,unknown
163885824,unknown
163885819,unknown
163721730,unknown
163721728,unknown
163700506,unknown
163700509,unknown
163693766,unknown
163654551,unknown
163649805,2
163687941,2
163805799,unknown
163829708,2
163652653,unknown
165039955,unknown
163589773,unknown
163667978,1
163667986,1
168195251,unknown
25855613,2
163707248,unknown
163901993,2
163902002,2
166072883,unknown
163837300,1
163837299,unknown
160151526,unknown
60066228,unknown
163826208,unknown
163826205,unknown
163584968,1
163737241,unknown
20791995,unknown
163650578,2
80352164,2
163596683,unknown
163740425,unknown
65307093,unknown
163667090,unknown
163667091,unknown
164435117,unknown
18867538,unknown
165847193,unknown
16705329,unknown
163631047,unknown
163683404,unknown
163692159,2
163692156,unknown
163701500,unknown
163701804,unknown
163821527,unknown
78010795,unknown
163683981,2
163683938,2
163591792,unknown
28335362,1
163734010,unknown
165850598,unknown
118119566,unknown
168156317,unknown
168156322,unknown
116751164,unknown
163631024,unknown
56097013,unknown
163708862,1
163867633,1
163714117,unknown
163808011,2
29013655,unknown
166071315,1
163818325,unknown
10693489,unknown
7550395,unknown
163631037,unknown
163670739,unknown
165837178,2
163819803,unknown
163866501,unknown
163707823,unknown
163803800,2
18231431,unknown
163654225,unknown
163807989,2
163807985,2
4696909,2
163653144,2
165851179,unknown
166503027,unknown
163687957,unknown
64401399,unknown
128341237,unknown
163657766,unknown
163657763,unknown
163816844,unknown
163816956,unknown
163804188,unknown
163846226,unknown
163814444,unknown
163814943,unknown
166802272,unknown
163687209,2
166073554,unknown
51828013,2
163586426,1
163586429,1
138742593,unknown
168071879,unknown
58621744,1
165850447,unknown
84271971,unknown
163653037,2
163653035,unknown
37349738,unknown
166066511,unknown
45508425,unknown
163737488,unknown
62488229,unknown
163656791,unknown
163656773,2
164090044,unknown
60730273,unknown
163609028,unknown
166074356,unknown
128622641,2
166540305,unknown
163835353,unknown
27210820,1
163667259,1
163707047,unknown
163693807,unknown
163631044,unknown
163705646,unknown
163705650,unknown
163670718,2
163806008,unknown
163806006,2
163694371,unknown
168139106,1
163885892,unknown
168147829,unknown
168150557,unknown
2714208,unknown
7122827,unknown
163668288,unknown
163896720,unknown
163709296,unknown
165837156,2
164887249,2
163591634,2
128828534,unknown
163879354,unknown
163708420,unknown
163591620,unknown
163591618,unknown
165861089,unknown
57813871,unknown
163657343,unknown
56985599,unknown
163656817,unknown
163819812,unknown
163802951,unknown
168219117,unknown
168171663,unknown
166526431,unknown
163829691,unknown
168181658,unknown
163705409,unknown
163708804,unknown
163804194,unknown
163670742,2
166072704,1
72562976,2
163825855,2
163691247,unknown
163666105,1
163714169,2
164124950,2
163729979,2
166493103,unknown
163817587,unknown
163902010,2
163677143,unknown
163676890,unknown
163585504,2
164099729,2
163592456,unknown
163655914,unknown
163694258,unknown
89065103,unknown
163733667,unknown
163904732,unknown
164113701,unknown
163686859,unknown
166872250,unknown
164113692,unknown
163670722,unknown
163719190,unknown
163720183,unknown
166071329,1
166071333,1
25290724,unknown
163686858,unknown
166215938,unknown
163670736,2
166086846,2
163694356,unknown
70015681,1
163677682,unknown
163803008,unknown
163806313,unknown
163865179,unknown
164141993,unknown
168104624,unknown
163686831,2
163652675,unknown
163829664,2
163707240,unknown
163625017,2
164883476,2
168147735,unknown
163902374,unknown
168156333,unknown
37348641,unknown
163705069,unknown
163890535,unknown
163708162,unknown
168128300,1
61091332,unknown
163841537,unknown
163586435,unknown
163697222,unknown
165205805,unknown
165860780,unknown
163721551,unknown
163814941,unknown
163814935,unknown
166078864,2
163597286,unknown
163597294,unknown
163584762,2
163833401,unknown
71523694,unknown
164772434,unknown
163814311,unknown
163654553,1
163806795,unknown
163806787,unknown
163604528,unknown
163804176,unknown
163734090,2
168122867,1
166070889,1
163894700,2
163816153,unknown
166074488,unknown
163585377,2
165893340,unknown
163804160,unknown
163889337,unknown
163889344,unknown
163852756,unknown
163651600,unknown
163651595,unknown
163715557,unknown
166527434,unknown
163621152,unknown
163621153,unknown
166066507,unknown
165549056,unknown
163806278,unknown
166072207,unknown
166095408,unknown
163714645,unknown
165550359,unknown
163804175,unknown
163654642,unknown
36544650,unknown
163810198,2
168103541,unknown
10207696,unknown
163584321,unknown
152112024,unknown
163819487,unknown
98992940,1
163586130,1
167741837,unknown
163700489,unknown
163901986,2
166090127,unknown
163586072,1
165848926,unknown
84271972,unknown
163715071,unknown
163804172,2
163687291,unknown
163687288,unknown
168219103,unknown
163711859,unknown
163711856,unknown
163706239,unknown
163691580,unknown
163824419,unknown
165853639,2
163833376,2
163655580,unknown
163655576,unknown
163865497,unknown
163818685,unknown
163818694,unknown
163654662,unknown
166505799,unknown
165848911,unknown
163656742,unknown
163816842,unknown
163677652,2
163871732,unknown
22851887,unknown
20780467,unknown
165857562,2
163708179,2
163888918,unknown
163585655,1
163808006,2
163808003,2
135600096,1
166080458,unknown
163867970,unknown
163867984,unknown
166144824,unknown
13205119,unknown
163704797,unknown
18230959,unknown
164889229,unknown
123032420,2
163720682,2
163600375,unknown
163628615,2
144210103,unknown
163585639,unknown
163705658,unknown
165849631,unknown
82883590,unknown
36495738,unknown
165885573,unknown
166872803,unknown
163724865,unknown
163734082,2
166082737,2
163892367,unknown
163654807,unknown
163687222,unknown
163699534,unknown
163685465,unknown
163584880,unknown
163584885,unknown
163587333,unknown
163586089,2
165837509,unknown
166082779,unknown
166526430,unknown
146883024,2
163807993,2
163692769,unknown
163587567,unknown
163809958,unknown
166072478,1
76999860,1
93338465,2
163677663,unknown
163596682,unknown
163585489,unknown
168124222,unknown
168124224,unknown
163700478,unknown
165844265,2
163746038,unknown
163589357,unknown
163589353,unknown
166093169,2
166495530,unknown
28352616,2
163652664,2
163652662,1
168148446,unknown
168148452,unknown
163591917,2
163865263,2
71692883,unknown
168132347,unknown
34702565,unknown
163683427,unknown
165893893,unknown
163804166,unknown
165890772,unknown
166082541,unknown
165041882,unknown
163700473,unknown
166515571,unknown
163652623,unknown
163706212,2
163815868,unknown
164883205,unknown
165838308,unknown
164774726,unknown
165840737,unknown
163654664,unknown
163860640,unknown
165111516,unknown
166519543,unknown
166495493,unknown
56989524,unknown
163676351,unknown
168143553,unknown
168146419,unknown
163654842,1
80994863,unknown
163620916,unknown
165848390,unknown
164903662,2
163746865,unknown
163746860,unknown
163670746,unknown
42399890,unknown
163810614,unknown
20808326,unknown
163805795,2
163817909,unknown
61464523,unknown
163653542,unknown
61320697,unknown
166522245,unknown
163803844,2
163803838,2
139616084,unknown
163841110,1
62477028,2
166527582,2
163832332,2
163829284,unknown
41823907,unknown
60573005,unknown
163836403,unknown
163631413,unknown
30919230,unknown
163585494,unknown
166072886,unknown
168148018,unknown
163724636,unknown
163652640,unknown
163886393,unknown
163818551,unknown
163687949,2
163687945,2
163726157,unknown
166133698,unknown
163625311,unknown
163625308,unknown
163708417,unknown
163676870,unknown
128854474,unknown
163808167,2
163808166,unknown
121719168,unknown
166071216,unknown
163651947,unknown
163818961,unknown
58676068,unknown
163662253,unknown
163662250,unknown
116585969,unknown
166069722,1
163586489,unknown
168163428,unknown
10273393,unknown
128930365,unknown
168148470,unknown
163824019,unknown
163824023,unknown
163808022,2
163808019,1
163654347,unknown
166072723,unknown
166072726,unknown
166489611,unknown
166489593,unknown
163670725,2
163651223,2
163886784,2
165851155,unknown
163704823,unknown
163703148,unknown
163893624,unknown
163893618,unknown
166093871,unknown
164099720,unknown
163687229,2
168113260,2
163675072,2
163862204,unknown
163725619,unknown
163654691,unknown
163659132,unknown
163659135,unknown
163804185,unknown
163692160,unknown
48634174,unknown
163867278,unknown
163687248,unknown
166501658,2
163886866,unknown
163886862,2
166100055,unknown
168218453,unknown
3327952,unknown
163726699,unknown
163687221,unknown
166865274,unknown
163585218,unknown
165851697,unknown
163712262,unknown
101118514,unknown
54311869,unknown
163591939,unknown
163722640,unknown
163809802,unknown
163714124,unknown
163806010,2
166540296,unknown
166540300,unknown
163817590,unknown
163866516,unknown
163864383,unknown
163804182,unknown
166493095,unknown
163591610,unknown
163722294,2
163733131,unknown
163653499,unknown
163708047,unknown
163904434,unknown
56482777,unknown
163889262,unknown
163889258,unknown
163586169,unknown
62181913,unknown
165850461,unknown
16705333,unknown
163700219,unknown
73689157,2
163631020,unknown
163656848,unknown
46174058,unknown
163901635,2
163901640,2
116901759,unknown
163896606,unknown
168116219,unknown
168128618,2
163660041,unknown
163660046,unknown
163815718,unknown
163846811,unknown
165802042,unknown
165851666,unknown
164775030,unknown
164885660,unknown
163708185,2
165851219,unknown
166071298,unknown
163862173,unknown
163883200,unknown
163722296,unknown
163700819,unknown
163700826,unknown
163653044,2
163653040,2
164773533,unknown
166133709,unknown
168146772,unknown
163830860,unknown
163830857,unknown
165857476,unknown
163809278,unknown
163885250,unknown
163885242,unknown
163882828,unknown
163826204,unknown
163826185,unknown
166519548,unknown
163891329,2
163891337,2
163631029,unknown
59798177,unknown
163654663,unknown
163711887,unknown
93603337,unknown
163693737,unknown
163815374,unknown
75327270,unknown
163819758,unknown
163819767,unknown
163654958,unknown
163707708,unknown
163694907,unknown
136742990,unknown
26628747,2
163819796,unknown
163819794,unknown
163705085,unknown
163817845,unknown
163668306,unknown
163694364,unknown
163667084,unknown
163667081,unknown
163713842,2
119935610,unknown
163833374,unknown
163596638,unknown
164906982,2
166077409,unknown
163832329,2
163823030,2
163804112,2
163814688,unknown
163814692,unknown
121010140,2
163590240,unknown
166519527,unknown
163865422,2
163672198,unknown
163667266,1
165899067,unknown
163822545,1
79797023,1
163705588,unknown
163810474,2
163810471,2
163664296,unknown
163668107,unknown
163680715,unknown
61319754,2
163825969,unknown
163819135,unknown
163819140,unknown
163668136,unknown
163683429,2
163867054,2
163867055,2
165126137,unknown
163670720,unknown
163683434,2
166500065,2
165212086,2
163804197,2
165848745,unknown
56985667,unknown
163830204,unknown
163807949,1
166508233,unknown
163721266,2
164292724,unknown
6926891,unknown
163676593,unknown
163886867,unknown
163849752,unknown
163893301,unknown
163806321,unknown
163806318,unknown
163867271,2
163867302,1
163707933,unknown
164118555,2
163705671,unknown
168165737,unknown
164903664,unknown
163819491,unknown
165837296,unknown
165853601,unknown
166075224,unknown
166509615,unknown
163737476,unknown
163808132,unknown
163809512,unknown
166081947,unknown
166072790,1
56397284,1
163654675,unknown
163631039,unknown
163631048,unknown
166519455,unknown
166519459,unknown
166507034,1
166503565,1
163680641,unknown
168146459,unknown
163733137,unknown
163683426,unknown
163864986,unknown
163711931,unknown
163821046,2
163804070,2
163804064,2
163841651,unknown
3327892,unknown
163700497,unknown
163892565,unknown
163694204,unknown
163710822,unknown
163895010,unknown
163818556,unknown
163867308,unknown
163891960,unknown
163654683,unknown
166067290,unknown
166489775,unknown
163694362,unknown
165852466,unknown
165568526,unknown
164110525,unknown
163725955,unknown
163803267,unknown
163712096,2
163895324,2
163896715,2
71547938,unknown
163680381,unknown
163670761,unknown
163654494,unknown
163854927,unknown
163854863,2
164775806,2
163657487,unknown
163833200,unknown
76587400,unknown
165906938,unknown
45776222,unknown
163591929,unknown
166082730,unknown
168148121,unknown
163670751,unknown
165888745,unknown
163649661,2
163631040,unknown
166096260,unknown
168134633,unknown
89263148,unknown
163616196,unknown
163804228,unknown
163815915,unknown
163866327,unknown
166498550,unknown
163664747,unknown
166522290,2
163737466,unknown
163737471,unknown
133009636,unknown
163667268,1
163804219,unknown
163878888,unknown
167162925,unknown
168156344,unknown
166091544,unknown
163889333,unknown
163834891,unknown
163867987,unknown
168158046,unknown
163808990,unknown
163808988,1
163694303,unknown
163804211,2
168139081,1
149197183,1
165851137,unknown
168182457,2
163693802,unknown
166507368,2
163656783,unknown
29332666,unknown
163654352,unknown
163668284,unknown
163621517,unknown
163654208,unknown
163846534,2
163680708,unknown
36760824,2
163900852,unknown
163902065,unknown
166069187,unknown
166069189,unknown
163814309,2
165849358,unknown
166502190,2
163883175,unknown
166509079,2
163889332,unknown
163596675,unknown
163652126,unknown
164771575,2
163657206,1
166098936,unknown
165844514,2
163804196,unknown
163746885,unknown
163663435,unknown
163663439,unknown
76314205,unknown
61691532,1
163746374,unknown
163727789,2
163864137,2
166499035,1
163867964,unknown
163663743,unknown
40619074,unknown
163673579,unknown
163707980,unknown
163741657,unknown
163729578,unknown
163737228,unknown
166505853,unknown
163737483,unknown
168218244,unknown
165838723,unknown
165838725,unknown
103912881,1
163820063,1
163734390,unknown
163734386,unknown
166519193,unknown
166814046,unknown
163734086,unknown
166065753,unknown
163689241,unknown
163867639,unknown
165850728,unknown
163652625,unknown
166040404,2
163704814,2
163704809,2
166070829,1
123702356,unknown
163810138,unknown
163673271,unknown
163830655,2
163678499,unknown
163678494,unknown
163711906,unknown
163668317,unknown
163700213,unknown
163714177,2
164124769,2
163671702,unknown
163585083,1
163593267,2
163720706,2
163720718,2
164117279,unknown
163909222,2
163846816,unknown
163662271,1
163824011,unknown
163824015,unknown
163883202,unknown
163669687,1
166502154,2
163896345,2
164124386,unknown
165840288,unknown
166066761,unknown
163866990,2
163816739,unknown
163821513,unknown
163585805,unknown
128080915,unknown
165851203,unknown
166071624,unknown
163692776,unknown
163717332,unknown
65678682,2
164757455,unknown
163894699,2
1009587,2
163829977,unknown
22914809,unknown
163814245,unknown
163814240,unknown
163711162,unknown
164123282,unknown
163591637,unknown
163830653,2
167703048,2
168116373,2
163846276,unknown
20619113,2
88840028,2
163687999,unknown
163816823,unknown
163631014,unknown
165849938,1
165849940,1
163707965,unknown
163707957,unknown
163711158,2
163586443,unknown
163694214,unknown
163692149,unknown
163655916,unknown
163704788,2
163885875,unknown
163628898,2
20015488,unknown
166090326,unknown
166090346,unknown
168148834,unknown
122524248,unknown
163629848,unknown
164775633,unknown
163706206,unknown
165040856,unknown
80158731,unknown
166493414,unknown
166502955,1
163596071,unknown
163588569,unknown
163700463,unknown
163681643,unknown
163809515,unknown
163895004,unknown
79578850,unknown
168140441,unknown
163656813,unknown
163814637,unknown
163806317,unknown
127132461,unknown
165883883,unknown
163654543,unknown
163587099,unknown
163723112,unknown
163631042,unknown
163700258,unknown
163823459,unknown
164907940,unknown
163686855,2
168155381,unknown
163862239,unknown
163878928,unknown
3751344,unknown
131115043,2
163655099,1
108382434,1
168116419,2
163706389,unknown
163804242,unknown
163584913,unknown
165902662,2
168115594,unknown
163649290,2
163649284,2
163714912,2
163714907,2
43081308,unknown
163867959,unknown
36828290,unknown
163672188,unknown
163852004,unknown
163852000,unknown
163586432,1
163670750,unknown
163657757,unknown
163655901,unknown
46056975,unknown
163744113,unknown
166520331,unknown
55722540,unknown
74128228,unknown
74110972,unknown
163887120,unknown
163708411,2
163892593,unknown
163667989,1
163720719,2
163653381,unknown
163709728,unknown
163654687,unknown
163631049,unknown
163654812,unknown
163683428,unknown
168148455,unknown
163706446,unknown
163717073,unknown
163654817,unknown
12387454,2
163807999,2
163823408,unknown
163734018,unknown
164885124,unknown
164772428,unknown
163650591,unknown
85425122,unknown
163817787,unknown
163591148,unknown
168139113,1
165849617,unknown
163724858,unknown
163903202,unknown
163806782,unknown
141627204,1
76999859,1
163831755,2
163825888,unknown
165848914,unknown
166513360,unknown
164717566,unknown
168134128,1
85695228,unknown
163833182,unknown
163818879,2
8843271,unknown
163804205,unknown
165849952,1
165849955,1
165849672,1
70310199,1
165855080,unknown
165863788,unknown
6236717,2
163886799,unknown
163707927,unknown
145395710,1
163865631,1
163810719,unknown
163653275,unknown
32409670,2
163650389,unknown
165851369,unknown
163824669,unknown
10285053,unknown
163653554,1
168166806,2
163728151,2
11942182,unknown
163587574,2
163652680,unknown
55300089,1
163687233,unknown
163586458,unknown
163825903,unknown
166496136,2
164288835,2
163821524,unknown
163835675,unknown
56835500,unknown
163865476,2
165849160,unknown
163585212,unknown
128930359,unknown
163666638,unknown
168205917,unknown
163591934,unknown
163721740,2
168113324,2
168124228,unknown
168124359,unknown
165872857,unknown
163600380,unknown
163586066,1
165838720,unknown
163835214,unknown
163820048,unknown
163670743,unknown
163677648,unknown
106602401,unknown
163903518,2
163815910,unknown
163649352,2
163890769,2
78771785,unknown
163918770,1
163586480,unknown
168129806,unknown
168129811,unknown
166502604,unknown
163586393,1
163586398,1
163806292,2
163835588,unknown
18230029,unknown
163883421,unknown
166527565,2
111236030,unknown
163687301,2
163878903,unknown
163804184,unknown
163876065,unknown
168138727,1
56397264,1
165841437,unknown
166505857,2
163705889,unknown
163584370,2
163584366,2
163909471,2
163591605,unknown
125410338,2
163683431,unknown
163885841,2
165888463,unknown
18062822,unknown
163711548,unknown
164795873,unknown
163837302,1
163704002,2
168195224,unknown
168209097,unknown
163854468,unknown
163675069,unknown
4656658,unknown
167747606,unknown
165863043,1
16704302,unknown
126634312,unknown
163707939,unknown
165879982,unknown
163714926,unknown
163653402,unknown
166490481,unknown
167157547,unknown
163654655,unknown
163677658,unknown
163655254,unknown
163655156,unknown
163708765,unknown
163901975,2
163901981,2
163909229,unknown
163909232,unknown
163585224,1
163892449,2
163707967,unknown
163735171,unknown
164156071,unknown
15768398,2
163654658,unknown
163655146,unknown
163670755,2
163864996,unknown
105908710,2
163668300,unknown
163815908,unknown
166072474,1
163661416,1
80352177,2
163592728,unknown
163711885,unknown
163894710,2
1011690,2
163882837,unknown
166490486,unknown
55945825,unknown
168139417,1
168139421,1
163889688,unknown
163889693,unknown
163652677,1
163730475,2
163807961,2
163663670,unknown
163896787,unknown
163704789,2
166502552,1
163672190,unknown
168182845,2
163895466,unknown
163585217,unknown
130468861,unknown
168123410,unknown
167655354,unknown
163862165,2
163865086,2
163649356,2
163655429,unknown
163685442,unknown
163892569,unknown
61497789,2
111236031,unknown
163826182,2
163705936,unknown
15004677,2
163721544,unknown
164124387,unknown
163865137,unknown
163824115,unknown
165853613,2
165853618,unknown
163655904,unknown
163865096,unknown
163620822,2
163620819,unknown
168109739,unknown
167058340,unknown
168114343,unknown
164283501,2
71537027,2
163909483,unknown
168148842,unknown
53253911,unknown
168147042,unknown
168126045,unknown
167749853,unknown
163650589,unknown
163631323,unknown
17204966,unknown
163811037,2
163811034,unknown
49500538,unknown
104777595,unknown
168115313,unknown
165212591,unknown
163820081,1
134061233,unknown
13588765,unknown
163811747,1
164115974,unknown
163670717,2
163822577,1
163867295,1
10273387,unknown
163808008,2
145395467,unknown
163815360,2
69530715,2
163711882,unknown
163668297,unknown
163734020,2
163825898,unknown
163829710,2
166540622,unknown
138414274,unknown
168144163,unknown
101010110,1
141627708,1
41443531,unknown
110785549,unknown
165838034,unknown
163650646,unknown
163708871,2
163821032,2
163824689,unknown
163653539,unknown
30504216,1
163694475,unknown
163726695,unknown
166540115,unknown
163596678,unknown
163667244,unknown
38803182,unknown
168145542,unknown
167743519,unknown
163829972,unknown
56472837,unknown
168148527,unknown
168148533,unknown
163699174,unknown
166490857,unknown
163585337,unknown
19498457,unknown
165862943,unknown
163744129,unknown
11417347,unknown
139397810,unknown
163600647,unknown
163826643,unknown
166521553,unknown
168209935,unknown
2715007,unknown
163838996,2
163631022,unknown
165903326,2
167745413,unknown
167155623,unknown
163708431,unknown
163654972,1
163902376,unknown
8940681,unknown
130248559,1
166519189,2
165887934,unknown
163654969,1
163652629,2
165851165,unknown
166071259,unknown
163814867,unknown
163824118,unknown
163698781,unknown
163895306,unknown
163895300,2
163810146,unknown
163664541,unknown
163666426,unknown
77153281,unknown
163864993,2
165837464,unknown
165837487,unknown
163687995,unknown
163691250,unknown
168219105,unknown
3327977,unknown
9498399,unknown
163709367,unknown
138291239,unknown
163826216,unknown
163631032,unknown
141730430,2
166095160,unknown
165887900,2
166073491,1
80352174,2
163650320,2
163693811,unknown
165864157,unknown
165899977,unknown
163621810,unknown
163694366,unknown
168209105,unknown
168209110,unknown
163693818,unknown
163849750,unknown
163849747,2
163687220,unknown
165906919,unknown
163675092,unknown
41823903,unknown
163805240,unknown
163865136,unknown
163809259,2
20178361,2
166087075,2
74126575,unknown
163672471,unknown
163866811,2
163846224,unknown
166104096,unknown
163825942,unknown
163585024,unknown
163654674,unknown
163687127,2
163686908,2
163882814,unknown
163831752,unknown
163832313,unknown
163809263,2
63387199,unknown
163806255,unknown
163806252,unknown
163895482,unknown
80994857,unknown
163621140,unknown
165888456,unknown
165902302,unknown
163654810,unknown
59913398,unknown
163868378,unknown
17896500,unknown
163656124,unknown
51242919,unknown
168139047,1
163835983,unknown
163868412,unknown
163823180,2
163729812,2
164906957,unknown
165837290,unknown
163685460,unknown
163816530,unknown
163889485,unknown
163714914,2
163650323,unknown
163650328,unknown
163595740,unknown
56394471,1
166500118,2
166500115,unknown
166540320,unknown
163880779,unknown
163622456,unknown
166084885,unknown
3144627,unknown
168113382,unknown
163654973,unknown
165903308,unknown
163670740,2
163687232,2
168113329,2
34707685,unknown
163854961,2
163819773,unknown
163819776,unknown
163804077,2
163804072,2
163699539,unknown
163706417,unknown
163825970,unknown
95324415,unknown
163736507,unknown
45496794,unknown
163681641,2
163681635,unknown
163802953,2
165884180,unknown
166500059,2
163591937,unknown
163618708,unknown
163652913,2
163652627,unknown
163670719,unknown
163599349,unknown
163632168,2
163734022,unknown
165838729,unknown
165838733,unknown
163713646,unknown
163728100,2
165837473,unknown
165837475,unknown
163850960,unknown
84271970,unknown
163631099,unknown
164117146,2
163885872,unknown
163892595,unknown
164435155,unknown
168207443,2
163649814,2
63387213,unknown
164773525,unknown
163721262,2
163602570,unknown
43856101,2
163862208,2
163591872,unknown
7337901,unknown
168209127,unknown
23351249,unknown
58903303,unknown
163821533,2
163707478,unknown
163687228,2
163805781,unknown
163805783,unknown
1009583,2
166518329,unknown
163706453,unknown
164775858,unknown
163631028,unknown
166072696,1
71920284,unknown
163726557,unknown
166540671,unknown
166507042,1
155767318,unknown
163592724,2
163592545,2
163747828,unknown
163631015,unknown
163705062,unknown
163603440,unknown
163805794,2
166529253,unknown
163586382,1
168205985,2
163829702,unknown
85695151,unknown
125584983,unknown
12533213,unknown
163887055,unknown
163873927,unknown
16705307,unknown
163901905,2
164883259,2
163846822,unknown
166505866,unknown
163803062,unknown
166094123,unknown
163673317,2
163673316,2
163834042,unknown
163834047,unknown
163666979,unknown
163666977,unknown
168116407,2
163902069,unknown
163654688,unknown
168116524,unknown
99628983,unknown
163657761,unknown
44234367,unknown
163818570,unknown
163707984,unknown
163824014,unknown
163823445,unknown
163693788,unknown
168147730,unknown
48254863,unknown
163670730,unknown
163889681,unknown
165862477,unknown
166074365,unknown
163622199,unknown
163622207,unknown
163900846,unknown
163900843,unknown
168105524,unknown
164412093,unknown
163585800,unknown
163679585,2
165888485,unknown
165888491,unknown
163661697,unknown
163653389,2
163653388,unknown
163649364,unknown
163808146,unknown
70254048,unknown
166518548,2
39080155,1
166499393,1
166522707,unknown
168153454,unknown
163663145,unknown
163841634,unknown
104151760,unknown
163652751,unknown
163734658,unknown
163734651,unknown
163734026,unknown
168113380,unknown
32335495,unknown
163804156,unknown
163824001,unknown
163824007,unknown
163868069,2
163807959,2
163896819,unknown
166073030,unknown
163695462,2
163655017,unknown
165849653,1
165849656,1
163653546,unknown
163865716,unknown
163865711,unknown
37604172,unknown
163682682,unknown
29477492,unknown
163700501,unknown
41461991,unknown
166094108,unknown
164897453,unknown
163726301,unknown
163726299,unknown
77097691,unknown
163815861,unknown
164091412,unknown
163663140,unknown
163832308,unknown
163585663,unknown
22822592,unknown
163886377,2
163655582,unknown
165860514,unknown
163651941,unknown
163803281,2
163889971,unknown
163823992,1
163818553,unknown
163846218,unknown
163585207,unknown
163585196,1
82299577,unknown
163653396,unknown
163586423,1
163856443,unknown
163883186,unknown
168149151,unknown
163815885,unknown
112408077,2
118415869,unknown
163682358,unknown
165905696,unknown
163893329,unknown
163893326,2
163694920,1
163652707,unknown
14833419,unknown
163585648,unknown
163678514,unknown
163867298,1
163886422,unknown
43947468,unknown
163821765,2
163664299,unknown
163664303,unknown
163824954,2
163653273,unknown
163650151,unknown
163653536,unknown
163670747,1
163654229,unknown
163722284,unknown
163722625,unknown
163712243,unknown
163712250,unknown
163714948,unknown
168139088,1
163707849,unknown
163803799,2
163803798,2
163672196,unknown
163825489,2
167129271,unknown
129380123,unknown
163726970,unknown
164465995,unknown
163804169,unknown
36709425,1
76047143,2
163909485,2
163652652,unknown
165214605,unknown
163882815,unknown
164912078,unknown
163731094,2
163863800,2
163620145,unknown
163867252,2
48033507,2
163814695,unknown
166079431,2
113903857,unknown
163891643,2
163709462,2
163826854,unknown
163846271,unknown
165847451,unknown
80352161,2
163591989,2
166491753,unknown
163588513,unknown
163656365,1
163808917,1
167163719,unknown
167163747,unknown
163603447,unknown
163841125,unknown
163838939,unknown
166491700,unknown
163866331,unknown
163822560,1
141627663,1
165853692,unknown
163694477,unknown
45477458,unknown
164774193,2
164097575,2
163900664,2
166508724,unknown
163823470,unknown
163694339,unknown
166514005,2
168148124,unknown
19678231,unknown
163832310,unknown
164122933,2
165862468,unknown
163707970,2
163823209,unknown
163706397,unknown
166490651,unknown
163867957,unknown
163886202,unknown
163591617,unknown
163631021,unknown
165621408,unknown
163882822,unknown
163586119,unknown
166080284,2
163700471,unknown
163598103,unknown
166811788,unknown
163902018,2
163902025,2
16703326,unknown
163681982,unknown
105193822,unknown
163700810,unknown
163820003,unknown
163585824,unknown
2806723,unknown
163814877,2
163814875,unknown
163703139,unknown
164775645,unknown
163881140,2
163884383,2
163679001,2
166501654,unknown
163803296,unknown
163631100,unknown
163911437,unknown
163670752,unknown
163734013,2
164903666,1
163701489,unknown
163701496,unknown
163694193,unknown
163902073,unknown
59514469,unknown
163729917,2
166073035,unknown
166073037,unknown
163864636,unknown
163846821,unknown
163714122,unknown
163700259,unknown
163854255,unknown
163829637,unknown
164096836,2
166496373,2
163586160,unknown
163586097,unknown
163691257,unknown
163837303,1
163705374,unknown
168115307,unknown
168115309,unknown
7871966,2
14995616,2
163693834,unknown
163707754,unknown
163652621,1
163650091,unknown
163865134,unknown
164110152,unknown
168114322,unknown
131661785,unknown
163723110,unknown
163633048,unknown
168209108,unknown
168123660,unknown
166526121,2
163846272,unknown
53596957,2
22389187,unknown
163826604,unknown
163704764,2
163704845,unknown
163891336,unknown
168156357,unknown
168156369,unknown
163807997,2
168118053,unknown
104658263,unknown
163806330,unknown
163806336,unknown
166519520,unknown
7321787,unknown
167071589,unknown
166073771,1
163821023,unknown
163595008,unknown
23433442,2
163807987,2
163655544,2
163588435,2
163832306,2
17763829,1
163631017,unknown
166519445,unknown
163631030,unknown
163889264,unknown
163889326,unknown
163809087,2
163899635,2
163707845,unknown
164107008,2
163821076,unknown
163896041,unknown
166521560,unknown
163809520,unknown
163802950,2
163600381,unknown
164105596,2
163826396,unknown
163653538,unknown
165851172,unknown
164186145,unknown
167129272,unknown
163735068,unknown
85779820,unknown
163835927,unknown
166496110,unknown
163687216,unknown
166499775,2
168104211,unknown
163802981,2
163886786,2
166073513,unknown
163655139,unknown
163654963,unknown
40948344,unknown
122905585,unknown
163733372,unknown
163804108,2
163591857,2
163591800,2
36727322,1
57134700,1
168129820,unknown
166069787,1
163700491,unknown
91031425,unknown
165837800,unknown
163653262,1
163653260,1
166526117,unknown
168110124,unknown
61680761,unknown
52530044,unknown
163690519,1
133751208,1
168145293,unknown
168145541,unknown
165847632,unknown
163654685,unknown
163655550,2
163649354,unknown
10286026,unknown
163667312,1
163667314,1
163808012,2
165862059,unknown
163706231,2
163631025,unknown
163846264,unknown
163815933,unknown
163866509,unknown
163664301,unknown
167987269,unknown
163734928,unknown
163741220,unknown
163654342,unknown
123851419,unknown
163708761,unknown
163804155,unknown
163596679,unknown
163896497,2
163654678,unknown
94802971,2
163729898,2
163804428,unknown
44093611,unknown
165848748,unknown
163032,2
163888769,unknown
163653560,1
163852060,unknown
163806804,2
163688012,unknown
163688004,unknown
163694254,unknown
163803277,unknown
163883159,unknown
163654652,unknown
163832314,unknown
163863483,unknown
167720156,1
168138716,1
163813383,2
163813379,unknown
163816966,unknown
163866977,unknown
163895307,unknown
163809088,2
163694483,unknown
57791389,unknown
48655868,unknown
163822047,1
100252189,1
168116387,2
168116391,2
164357082,unknown
163680370,unknown
166495460,unknown
163810476,unknown
163810482,unknown
163823449,unknown
94138728,2
163886836,unknown
165576250,2
163600646,unknown
166499053,1
70496823,1
8354236,2
163726295,unknown
165888492,unknown
165888740,unknown
41777563,unknown
164291327,unknown
132218385,unknown
163804159,unknown
166487083,unknown
163654651,unknown
163889350,unknown
163715137,unknown
21839266,unknown
163598108,unknown
163706233,unknown
164759409,unknown
163649917,1
73479470,unknown
163691266,unknown
163827525,unknown
29608735,unknown
163810495,unknown
168116429,unknown
163804078,2
163893314,2
166500061,2
168115134,unknown
113860175,1
166082553,unknown
163809952,2
163830621,2
163721533,unknown
104375518,unknown
165871061,unknown
166067458,unknown
20299563,2
163824337,unknown
163597329,unknown
163810604,unknown
163711866,2
163822573,1
163692163,unknown
74126238,unknown
97717747,unknown
65678355,2
163902163,2
163716475,2
168148462,unknown
53253915,unknown
163683433,unknown
163839281,2
104640764,2
163820070,1
166522823,unknown
165801992,unknown
166100729,unknown
163654968,unknown
163839275,2
163685495,2
163659792,unknown
164773529,unknown
163823457,unknown
165315577,2
163620418,2
12257608,unknown
166881718,unknown
163656845,unknown
168123648,unknown
163654539,unknown
163662276,unknown
165856391,unknown
165856396,unknown
163707821,unknown
163854378,unknown
117848527,unknown
166846683,unknown
166868749,unknown
163650587,unknown
168156073,unknown
164138775,unknown
163743352,unknown
165841380,unknown
164318296,2
163612845,unknown
163687973,unknown
163687968,unknown
163654540,unknown
163731090,2
163737459,unknown
166744127,unknown
163676867,unknown
71353038,unknown
163846927,unknown
62706952,2
163592447,unknown
163690262,1
163667088,unknown
166105237,unknown
165853136,2
165838019,unknown
163862839,unknown
163879267,unknown
163909233,2
163654679,unknown
163807960,2
163691272,2
163888956,unknown
90864225,unknown
71023170,unknown
163654545,unknown
165837501,unknown
163585941,unknown
168143860,unknown
163806529,unknown
163806533,unknown
163654808,unknown
166471052,unknown
163815905,unknown
163632984,unknown
163897731,unknown
10000476,1
163584298,unknown
112060346,unknown
10921083,unknown
165857793,unknown
163685469,2
163704849,unknown
163650973,unknown
166540325,unknown
166540331,unknown
168175802,unknown
163653024,2
163653023,unknown
82843249,1
168129270,unknown
167124783,unknown
163886230,2
166069664,1
163839379,unknown
163868501,unknown
164757136,2
163649809,2
128341238,unknown
77820536,unknown
63387233,unknown
131711543,unknown
163629182,unknown
84433977,unknown
163895026,unknown
112400096,2
163815175,unknown
163825889,unknown
163651142,unknown
163737235,unknown
145395709,1
163629344,unknown
163629395,unknown
166850774,unknown
163832319,unknown
163714174,2
165848394,unknown
163725633,2
166514015,unknown
163912626,2
163651262,2
163676037,unknown
78794676,unknown
88446830,unknown
164897260,unknown
163815402,unknown
163818958,unknown
165851613,unknown
165852398,2
163809517,2
80352180,unknown
163681364,unknown
134244855,unknown
168126054,unknown
163670737,unknown
46085970,1
165849645,1
163678997,unknown
163901590,2
103616056,2
19754522,unknown
164885121,unknown
166490474,unknown
166096806,unknown
163835349,unknown
163652361,2
163670744,unknown
163869090,2
136123519,1
163590901,unknown
163867922,2
84172327,2
163852331,2
163856331,unknown
163856330,2
22377161,unknown
146170876,2
168112953,2
163721548,unknown
163707465,unknown
163883424,2
166540615,unknown
163909482,unknown
165856764,unknown
76395632,unknown
163631012,unknown
163834737,unknown
166104688,unknown
166509068,2
65409904,unknown
166526118,unknown
1241223,unknown
163893625,unknown
163654804,unknown
163841677,unknown
163868462,unknown
163818425,unknown
118362088,unknown
163653043,2
165372630,unknown
164304525,unknown
68922112,unknown
163885226,unknown
163885224,unknown
168148439,unknown
163885559,unknown
163655150,unknown
163649277,2
166101014,unknown
163687960,unknown
163825980,unknown
163694197,unknown
163584152,unknown
163841722,2
165837099,unknown
163584351,unknown
163584347,unknown
163889699,unknown
163668293,unknown
163687292,unknown
163676353,unknown
163832305,unknown
163880106,unknown
163708828,unknown
163807979,unknown
19505460,unknown
23784216,unknown
165892031,unknown
163862241,unknown
164122360,unknown
163670727,unknown
163585333,unknown
23740576,unknown
168113699,unknown
140078444,unknown
165849931,1
165849935,1
163585967,1
163806340,unknown
163585355,1
166507351,unknown
163867597,1
163867600,1
163661961,unknown
163661960,unknown
59128486,unknown
163666394,unknown
163625022,2
163717300,unknown
163805787,unknown
165849947,1
163875651,unknown
163654671,unknown
163706246,unknown
163700185,unknown
163710827,2
163654550,unknown
163701824,unknown
163850444,unknown
161249782,unknown
163896719,2
163735891,unknown
166073558,unknown
163629331,unknown
166540900,unknown
164161060,unknown
163862515,2
166073438,unknown
10061423,2
168139044,1
163691551,unknown
38746157,unknown
165212067,unknown
163655535,unknown
168166465,unknown
163649811,2
163649810,2
163714277,unknown
163878900,unknown
166499749,2
167609696,unknown
163830209,2
166072794,1
166073482,1
163705642,unknown
163654661,unknown
164888228,unknown
163652748,1
163724390,unknown
163677944,unknown
163842004,unknown
166507413,unknown
2731703,unknown
71286541,unknown
165902641,unknown
165844269,2
163734021,unknown
87074471,unknown
165880337,unknown
166069123,2
167163252,unknown
163808001,unknown
163867967,unknown
163909230,2
104140908,unknown
165858359,unknown
163813938,unknown
163632995,unknown
163652672,1
163599645,2
97272778,2
163600376,unknown
164161372,unknown
163690252,unknown
163909474,2
13817698,unknown
163654827,1
56227025,unknown
163890789,unknown
163712238,unknown
163709365,unknown
163842008,unknown
168116414,2
120380373,unknown
163654676,unknown
165844275,2
163819996,unknown
163695439,2
163886303,2
163653618,1
163584338,unknown
56984588,unknown
163866340,unknown
165837495,unknown
163839400,1
163839398,2
163817916,2
163707755,unknown
163734085,unknown
165851409,unknown
165902961,unknown
166809579,unknown
163684540,2
49915365,unknown
163890528,unknown
167745972,unknown
166499589,1
163705584,unknown
89336633,unknown
168192758,unknown
70996995,unknown
163823442,unknown
163652468,2
163584363,unknown
168113293,unknown
163588106,unknown
163588105,unknown
163693724,unknown
20783674,unknown
163850281,unknown
166103096,unknown
30929782,unknown
75096762,unknown
167077935,2
168115366,2
168138721,1
168218248,unknown
168218467,unknown
163703130,unknown
165885068,unknown
163885252,unknown
163705625,unknown
166073776,2
163654915,unknown
163680347,unknown
168128621,2
163692464,unknown
163823175,2
168116448,unknown
163829714,unknown
163584741,2
163833319,unknown
163833322,unknown
163654217,1
163808172,1
168171669,unknown
163688501,2
163708173,unknown
12098831,unknown
163649317,2
163649314,2
21830916,2
163649644,unknown
163586150,unknown
165858396,unknown
166499072,1
163696166,2
166491617,unknown
168115323,unknown
53260637,2
163584342,unknown
163856480,unknown
166081723,unknown
163584271,unknown
163631045,unknown
168124185,unknown
163666413,unknown
163868032,unknown
98309038,1
164180865,unknown
163824114,unknown
163693770,unknown
163803044,unknown
10287910,unknown
66070348,1
163806553,1
163653543,1
163808034,1
163651605,2
163584923,1
66291565,unknown
168146434,unknown
163704026,2
163704479,unknown
163666458,unknown
163713840,unknown
163818702,unknown
163900663,2
165848933,unknown
84271973,unknown
166084361,unknown
166503114,2
85424176,unknown
163631018,unknown
166540293,unknown
163909479,2
163687239,unknown
163585233,1
166491719,unknown
163888959,unknown
163687210,2
168156077,unknown
166847701,unknown
163885900,2
163653502,unknown
163717069,unknown
166080425,unknown
163736482,unknown
163591644,unknown
163656129,1
163702754,unknown
163703135,unknown
163721537,2
45429928,unknown
6814995,unknown
163585508,unknown
168110709,unknown
163802997,unknown
163885825,unknown
164111403,unknown
163807102,1
163741276,unknown
163882424,unknown
163832321,unknown
163832298,unknown
108382431,1
166526124,2
163811227,1
163804423,unknown
168115327,unknown
26119367,unknown
163742254,2
163700265,unknown
163817808,unknown
163699515,unknown
166494915,unknown
163657730,unknown
163657726,unknown
165906930,unknown
163655087,unknown
166869014,2
166070324,unknown
163655095,1
163888966,unknown
120197888,unknown
165838042,unknown
163661962,unknown
166070218,1
163816818,unknown
167954487,2
163663682,unknown
163652487,1
150117254,1
168116433,unknown
166498559,1
165858777,unknown
166498374,unknown
112139801,1
163584884,unknown
11885227,unknown
163711541,unknown
21843770,unknown
163804191,unknown
163586492,unknown
163653398,unknown
166499058,1
134211942,unknown
74110144,unknown
143028918,unknown
163804665,unknown
5565278,2
163866965,2
163687920,2
166852509,unknown
163825905,unknown
163585943,unknown
13637362,unknown
166540645,unknown
166073779,2
163683043,unknown
147015550,unknown
16590509,unknown
163628608,2
163628528,unknown
165888468,unknown
165897483,2
163804174,unknown
61456753,2
163902749,unknown
166070334,unknown
166505809,unknown
163631036,unknown
163705639,unknown
164774996,unknown
163676352,unknown
163660043,unknown
163654677,unknown
163702159,unknown
163702431,unknown
163829995,unknown
163592438,unknown
163819129,unknown
163821769,2
52589260,2
163688728,unknown
163887134,unknown
166494923,unknown
163834052,unknown
163631031,unknown
163737573,unknown
163823404,unknown
70419328,2
166073137,unknown
163823439,unknown
163693756,unknown
163688503,2
163833121,unknown
163590029,unknown
166092954,unknown
165902503,unknown
43878665,1
163893335,2
166099745,unknown
163804110,2
163694323,unknown
165841038,unknown
56347861,unknown
163825279,unknown
164110531,unknown
87945740,unknown
163896044,unknown
163720786,unknown
163807964,1
163683432,2
168173101,unknown
163631050,unknown
165849650,1
163813420,unknown
163824410,2
166635078,unknown
163846000,unknown
163654811,unknown
163654680,1
163809694,1
165868266,unknown
163719191,unknown
168211997,unknown
56472564,unknown
163893031,unknown
17944434,unknown
70231793,2
166540213,unknown
104152021,unknown
163814928,unknown
163707834,unknown
8118124,1
163708781,unknown
76475709,2
163701142,unknown
165888471,unknown
165888475,unknown
164154061,unknown
165556848,unknown
166499135,1
5099657,unknown
164339682,unknown
163808992,unknown
164891623,unknown
166076889,unknown
163649359,unknown
163892702,unknown
20064170,unknown
163836121,unknown
163688735,2
163821521,unknown
163654806,1
164885324,unknown
163727160,2
163902377,2
163656150,1
166490441,1
165844529,2
165902753,unknown
163866842,2
163866960,2
166071648,unknown
163821370,unknown
165848894,unknown
163654660,unknown
165201166,unknown
163692155,unknown
40426667,2
96653587,unknown
163726429,unknown
163667623,1
164775046,unknown
163829794,unknown
164895260,unknown
163723163,unknown
163675090,unknown
163586167,unknown
163588479,unknown
165850116,1
52635,unknown
163862526,unknown
163862524,unknown
163809271,unknown
163708768,unknown
166104131,unknown
168144167,unknown
163825490,unknown
163654667,unknown
163866814,2
163654911,unknown
165889447,unknown
168135955,unknown
168174961,2
163584371,unknown
63471281,unknown
163705420,unknown
104045069,2
163721269,2
164315794,unknown
163892215,unknown
166495718,unknown
163714867,2
163654816,unknown
163824351,unknown
163814932,unknown
163685461,unknown
92139900,unknown
163895320,2
46810203,2
164183369,2
163694279,unknown
163903186,unknown
163818938,1
76997241,unknown
163671931,unknown
168114309,unknown
163666656,unknown
163815697,unknown
35419241,1
163808143,unknown
163808147,unknown
19943502,unknown
163829639,unknown
163705424,unknown
163691262,unknown
132539360,unknown
163814887,unknown
163653379,1
166073458,unknown
163584360,unknown
165857464,unknown
163591931,unknown
166501849,unknown
163811234,unknown
163589260,unknown
69589434,unknown
163654976,unknown
163651938,unknown
163703448,unknown
166069553,1
165906967,unknown
165745879,2
163821009,unknown
166506026,2
166072909,unknown
166103829,unknown
163893642,unknown
1116757,unknown
163883164,unknown
166032217,2
163867636,unknown
165907172,unknown
35072504,unknown
163691588,unknown
164096838,2
163882816,unknown
103404404,2
168117772,unknown
164433982,unknown
163834045,unknown
163878889,unknown
163687219,unknown
167011178,unknown
163832301,unknown
163865630,unknown
163865628,unknown
142317103,1
163635936,2
163737561,unknown
163707720,unknown
168113267,2
163596464,2
168132289,unknown
41299111,unknown
27331307,unknown
168170958,2
21627002,1
165845229,unknown
11162476,unknown
163846809,unknown
163591911,unknown
104778054,1
168172759,unknown
163878892,unknown
51467082,unknown
163705630,unknown
76568476,2
163804113,2
168203742,unknown
141782870,unknown
70795692,unknown
22876976,2
168138775,unknown
163865755,1
165848884,unknown
163591915,unknown
163631034,unknown
163707470,unknown
163708054,unknown
166499142,1
163811224,1
163729573,unknown
163652465,2
163743281,unknown
163585085,1
163654684,unknown
163652692,2
163802952,unknown
166104398,unknown
163653803,unknown
165875286,2
166093156,2
163707731,unknown
165913239,unknown
84260633,unknown
163586106,unknown
166073568,unknown
163733138,unknown
166499770,2
163596677,2
163656787,unknown
163585669,1
120068983,unknown
166508281,unknown
166499753,2
163807962,1
163804199,2
165863235,unknown
163654548,unknown
163882840,unknown
10287911,unknown
163878891,unknown
163909492,2
163715559,unknown
163865126,unknown
165873526,unknown
166504369,unknown
163852250,unknown
163591877,unknown
165906915,unknown
163667307,1
108331153,unknown
163930663,2
163815859,unknown
163656782,unknown
163832646,unknown
163824970,2
159890798,2
154578521,unknown
166519464,unknown
168148550,unknown
163654535,unknown
163854450,unknown
163854445,unknown
163585034,unknown
26854161,unknown
163656781,unknown
166488962,unknown
166073566,unknown
89414169,unknown
167751587,unknown
163813915,unknown
163829697,unknown
46639218,unknown
97468138,unknown
168141712,unknown
163707809,unknown
91108821,unknown
163699506,unknown
163866492,unknown
163654669,unknown
163629326,unknown
163669416,unknown
163694312,unknown
163709729,2
163886427,unknown
77023761,unknown
168172793,unknown
7503312,unknown
168119646,1
166077120,2
163846815,unknown
166526775,unknown
163729332,unknown
164778196,unknown
163655003,2
163655001,unknown
165837498,unknown
163591979,unknown
166069092,1
166507039,1
166495212,1
46175320,unknown
163655131,unknown
152418431,unknown
163653521,unknown
165848399,unknown
168141717,unknown
165885355,unknown
163807994,unknown
163807990,2
163631013,unknown
166094413,unknown
163902737,unknown
163836388,unknown
163584264,unknown
168120320,1
163883196,unknown
163862512,2
163832307,unknown
163816541,unknown
168147755,unknown
163835407,unknown
163631129,unknown
164509331,unknown
163675073,unknown
166497551,unknown
164771795,1
166093184,1
1009594,2
163822045,1
163592176,unknown
163816525,unknown
163803836,2
163865055,2
164077595,unknown
163713823,unknown
163700516,unknown
163589686,unknown
168173598,unknown
166509280,unknown
163874276,2
123032607,2
72997336,unknown
1126385,unknown
60583596,unknown
163830656,unknown
77600010,2
164771574,2
163584951,1
163854993,unknown
163694328,unknown
163865175,2
163809084,unknown
163587098,unknown
165621409,unknown
163699182,unknown
163829171,2
163651955,2
163745042,unknown
163631096,unknown
79570282,1
163682368,unknown
46532857,unknown
163867276,2
13545666,unknown
163862423,unknown
53166627,unknown
163902743,unknown
168118048,unknown
109073920,unknown
163714196,unknown
166081455,unknown
163707051,unknown
163613271,unknown
163842733,unknown
166084937,unknown
166084945,unknown
163601730,unknown
163653147,1
164320068,2
163729613,2
163807090,1
166507962,2
129744361,unknown
22856624,2
74619483,unknown
163596685,unknown
163611871,unknown
132691563,unknown
120492444,unknown
124314892,1
166086630,unknown
163654653,unknown
168153418,unknown
163631009,unknown
163588110,2
57770601,2
163596732,unknown
163811232,1
163846268,unknown
168209102,unknown
163653572,2
166492297,2
163669408,unknown
26754380,2
163596693,unknown
112485870,unknown
163631019,unknown
163724380,unknown
163592241,unknown
166073487,1
164104950,2
163716035,unknown
163716038,unknown
165853238,unknown
163654214,1
140496338,unknown
164917487,2
29146644,unknown
166502263,unknown
165872867,2
166092497,2
163603166,unknown
163825937,unknown
165869211,2
163586982,1
163863519,unknown
166096552,unknown
163883188,unknown
163815172,unknown
163865148,unknown
165837095,unknown
163802948,2
166490287,1
163821078,unknown
163846831,unknown
163882836,unknown
163654921,unknown
35419513,1
165878860,unknown
166086658,unknown
163806297,2
163683002,unknown
163683045,unknown
163695103,unknown
163651608,2
163809957,2
125394377,unknown
119138336,unknown
163865490,unknown
168201956,2
163623028,unknown
163623055,unknown
62725172,2
163823981,unknown
23125171,unknown
163883197,unknown
163659455,unknown
163868028,unknown
15560047,unknown
64351458,unknown
62492429,unknown
163585677,unknown
163585781,unknown
93183233,2
163704815,unknown
123508661,2
56701647,unknown
35419251,1
163816533,unknown
163824391,unknown
166505817,unknown
163816964,unknown
163596681,unknown
163832304,2
163694476,unknown
163819769,unknown
163588565,2
166519194,unknown
34706306,2
163631027,unknown
163689243,unknown
163631011,unknown
142625039,unknown
168165561,unknown
168193729,2
163651932,2
163693477,unknown
158070422,unknown
163909224,2
163654673,unknown
114539400,unknown
163677686,unknown
166507953,unknown
163734084,unknown
163706420,unknown
163669686,unknown
84434593,unknown
22377951,unknown
163708860,unknown
163596674,unknown
163846278,unknown
165903360,unknown
163903519,2
163803278,unknown
163832316,unknown
28381511,2
163706440,unknown
31961529,unknown
163704247,unknown
163840359,unknown
163654809,unknown
163654690,unknown
163586466,unknown
163705914,unknown
163705634,unknown
140339050,unknown
163701108,unknown
163726579,unknown
163848023,2
163654650,unknown
9485086,unknown
163730238,2
163708780,unknown
163891970,2
163654639,unknown
164184320,2
15862547,unknown
163693780,unknown
77820535,unknown
163841603,unknown
163707943,unknown
163654646,unknown
163654814,unknown
163599343,unknown
163585269,1
163625036,2
163649807,2
165890482,unknown
85695216,unknown
14797820,unknown
163707830,unknown
163733981,unknown
163705932,unknown
163631104,unknown
166492276,unknown
167071587,unknown
163809510,unknown
163653500,unknown
163816965,unknown
163653909,unknown
163806007,unknown
165906336,unknown
163839297,unknown
163704864,unknown
163699545,unknown
163838955,unknown
165804298,unknown
163695404,unknown
163586446,unknown
163707815,unknown
163709725,unknown
163723114,unknown
164107413,2
163886060,unknown
163813936,unknown
163813933,1
163588561,unknown
18667875,2
163898587,2
163653523,unknown
163654980,1
164772194,unknown
163625023,unknown
168129086,1
38811224,2
163631041,unknown
163854929,2
166067553,unknown
165847995,2
163683441,unknown
163721569,unknown
163656789,2
165837468,unknown
163707645,unknown
163832324,unknown
163803832,2
163829999,unknown
355126269,unknown
355006838,2
246132693,2
355236739,2
355006978,unknown
249353907,unknown
344033410,unknown
355190684,unknown
355157609,unknown
355368446,unknown
355160903,unknown
167102034,2
355009236,unknown
355009201,2
355219007,unknown
355237240,unknown
355121126,unknown
355170344,2
355009662,1
91806025,1
355099347,unknown
355099338,2
355155883,unknown
355155821,unknown
355006973,unknown
355181865,unknown
355115463,2
355159239,unknown
355006856,unknown
355006850,unknown
122409516,unknown
355099345,unknown
190959281,unknown
355160133,unknown
355005008,2
160232394,unknown
355176462,unknown
355176455,unknown
355099267,unknown
355153705,unknown
153718713,unknown
186794227,unknown
355166260,unknown
355166251,2
355204419,unknown
355204411,2
355942018,unknown
355008619,unknown
355005776,unknown
122466625,2
355168068,unknown
174898996,2
355941237,unknown
355100385,2
355011828,unknown
355011825,unknown
355229424,unknown
355229431,unknown
355181024,unknown
232280825,unknown
355948922,unknown
355124164,2
6809486,unknown
355180656,unknown
355004153,unknown
355004152,1
355006736,unknown
174938459,1
355009240,unknown
355157404,2
355310112,unknown
355115783,unknown
355090829,unknown
355090827,unknown
164225660,unknown
355180061,unknown
355195875,unknown
355215080,2
199765829,unknown
186322422,unknown
355007557,unknown
355007365,1
355297158,unknown
355297217,unknown
355179739,unknown
355089474,unknown
355237961,unknown
322926181,unknown
143363589,unknown
355153490,unknown
355149175,unknown
355944524,unknown
355170347,2
355003977,1
355238405,unknown
355112645,unknown
355154249,unknown
355940631,unknown
355125646,unknown
355218988,unknown
355238001,unknown
355095678,unknown
355095675,unknown
355181009,2
355216253,2
355100410,unknown
355100406,1
164644810,unknown
355153771,unknown
355124962,unknown
355004366,unknown
355005766,unknown
355172332,unknown
355117938,unknown
355121179,unknown
297677013,unknown
355157154,unknown
355238342,unknown
355090218,unknown
267034676,unknown
355102254,unknown
195866813,2
355160167,unknown
186002980,unknown
355157414,2
194574658,2
141251813,unknown
355157433,2
355099197,unknown
355099194,unknown
355094137,2
355237649,2
31187892,unknown
355236748,2
28361537,2
355204421,unknown
355190216,unknown
355190221,unknown
355109650,unknown
355215688,2
355238066,unknown
355098442,unknown
355090243,unknown
355090242,1
355217467,unknown
200673486,unknown
355090148,unknown
355090144,unknown
355006827,2
355204417,unknown
355005653,2
256593734,unknown
355102230,1
355102228,1
355121988,2
355121985,2
355100939,unknown
108310567,unknown
355110996,unknown
355098181,2
355096157,unknown
347188019,2
355124275,unknown
355005437,2
355180984,unknown
355216668,unknown
355169782,2
355169777,unknown
131738945,unknown
355090401,unknown
355218838,unknown
143435,unknown
355198753,2
355156436,2
355367999,2
355181552,unknown
205422615,unknown
42639719,2
56654645,unknown
355239024,unknown
355239029,unknown
355120787,unknown
355121134,unknown
355110526,2
355999627,unknown
355198846,unknown
171417587,2
355367844,1
355090810,unknown
355090808,unknown
355190699,unknown
355221691,unknown
355009138,unknown
173376338,unknown
355156678,unknown
355994950,unknown
355126284,unknown
355138041,unknown
355204366,2
355159400,unknown
355168511,unknown
355157540,unknown
355368096,unknown
11235277,2
135910793,unknown
355161169,unknown
41796997,unknown
355089532,2
355999485,unknown
355157023,2
355106433,unknown
355106431,unknown
344777079,unknown
355007628,1
355156555,2
355371184,2
355095339,unknown
355998263,1
159817356,1
355106412,unknown
355106410,unknown
355095715,unknown
355095711,unknown
355170355,unknown
355170352,2
355206727,unknown
355206733,unknown
35162161,unknown
355215998,2
322941735,2
355156509,2
355003245,unknown
139600241,2
355005689,unknown
355182421,unknown
355156325,unknown
355368060,unknown
355219399,unknown
212285121,2
355208624,unknown
355109555,unknown
53809652,unknown
355102171,2
40038072,unknown
355004655,unknown
355947161,unknown
355995314,1
355129428,unknown
355204058,2
355107734,unknown
355370886,2
355176461,unknown
355107696,unknown
108202629,unknown
355204387,unknown
355204382,2
355190258,unknown
194854513,unknown
355289715,unknown
355009082,unknown
355009102,unknown
355006917,2
355180265,unknown
355237997,2
11214345,unknown
355108499,unknown
355108504,unknown
355213324,2
355213341,2
355108115,unknown
355168948,unknown
6559316,2
355371563,2
355009577,unknown
356005386,unknown
355004661,unknown
355110272,1
355156778,2
355168389,unknown
355127923,unknown
355009063,unknown
355128718,1
355006712,1
355198302,unknown
355198306,unknown
355009260,unknown
355195168,unknown
355173647,2
355173475,unknown
355961059,unknown
175311247,2
355310114,unknown
355225765,unknown
355228415,unknown
355155549,unknown
355168980,unknown
355965459,unknown
355124250,2
58505294,1
143059570,unknown
212860198,unknown
355102396,2
355095303,2
355132846,2
355222062,unknown
177530353,unknown
27223768,unknown
355371467,2
355189949,unknown
103522749,unknown
49948079,unknown
355095960,2
355158933,1
187475042,1
331617007,unknown
117942752,unknown
355099305,unknown
355007582,unknown
355007581,1
3369710,unknown
228362376,2
355238326,unknown
355099024,unknown
355189405,unknown
355189404,unknown
355310118,unknown
355009730,1
355110064,1
355101216,2
355164733,2
315956543,unknown
290833136,unknown
355117936,unknown
355164125,unknown
355006718,unknown
355090003,2
355090007,2
8819305,unknown
355124179,2
355940616,2
355110314,2
255588914,unknown
355149231,2
355149227,2
187475041,1
355998241,1
355004129,unknown
355004127,unknown
355942012,unknown
355127752,unknown
355945770,unknown
355948031,unknown
355164742,unknown
355102483,unknown
355174750,2
255653128,2
355008037,1
355174807,unknown
355216002,2
101256738,unknown
322941458,unknown
355006355,unknown
355006338,2
355008928,unknown
355189725,unknown
355958549,2
355135840,2
212771525,2
344589840,2
355955870,unknown
355124891,unknown
355120644,2
355120639,2
355219740,unknown
355219738,unknown
355106384,unknown
355161368,2
355124068,2
355006041,unknown
155198145,unknown
39135216,unknown
355218756,unknown
355099200,unknown
355128653,1
355128655,1
355124214,unknown
295879136,2
355238061,2
355127415,unknown
355098141,unknown
355184392,2
213287984,2
355003247,unknown
113024405,unknown
214297857,unknown
29029102,unknown
187369365,unknown
355190949,unknown
355102398,2
355219477,unknown
355236769,unknown
316448193,unknown
355106774,unknown
355112018,unknown
355209775,unknown
355125981,unknown
355156380,unknown
355124789,unknown
183373404,2
355006869,2
60163852,unknown
109254292,2
355004634,2
355181047,2
355004636,unknown
319924220,unknown
355159691,unknown
355183283,unknown
355221985,2
355117814,unknown
355099158,unknown
355099155,unknown
293768757,unknown
355126641,unknown
355007189,2
355007183,2
355189907,unknown
311347798,unknown
355006734,2
355099662,unknown
355124249,unknown
355190981,unknown
355100972,unknown
229781002,2
355110976,unknown
355008923,2
355008922,2
355371481,2
355163764,unknown
355163768,unknown
355012515,unknown
355204043,2
226277185,2
355124910,2
355006731,unknown
355102409,unknown
355102388,2
200428870,unknown
355095651,unknown
355160460,unknown
355156476,unknown
226784994,2
25422486,unknown
355115719,unknown
9600450,unknown
264800004,2
355238045,unknown
355099256,unknown
160056789,2
186635243,2
355096152,unknown
355204400,unknown
355204388,2
355238649,1
355109655,unknown
355109672,unknown
221685796,2
355121990,unknown
355216272,unknown
355157063,2
322941453,2
355110318,unknown
355102403,2
355127298,unknown
322937810,unknown
294489369,unknown
355170350,unknown
355176459,unknown
355198874,unknown
355198866,2
355213567,unknown
164436831,unknown
355953320,unknown
355005302,unknown
355005299,unknown
355099236,2
355099233,unknown
355099638,unknown
105246763,unknown
355221739,unknown
355237639,2
355126671,2
220560688,2
162456611,unknown
91973201,2
218725862,2
355006381,2
355109293,2
355176497,2
355948675,unknown
355009216,unknown
355092764,1
355188330,unknown
60811145,2
355239570,unknown
355100453,unknown
355100444,unknown
355230394,2
355102269,2
355007100,2
355007089,2
62949820,unknown
356001311,unknown
156795980,2
355006038,unknown
355180895,unknown
355219039,unknown
355110275,unknown
355219371,unknown
355237302,unknown
355575912,unknown
355955798,unknown
355154254,unknown
355154245,unknown
222681617,unknown
355179717,unknown
355102310,2
355219707,unknown
355007259,unknown
160230293,unknown
355095124,2
355156752,2
191609677,unknown
355368322,unknown
355126261,unknown
214198067,2
355181941,unknown
355294141,2
270753665,unknown
355121140,unknown
186359097,1
355940649,unknown
182651613,unknown
355007173,unknown
355007171,unknown
355006921,unknown
355091804,1
220904144,unknown
200673481,2
355224402,unknown
355157557,unknown
355367967,unknown
78556179,unknown
355110111,1
355110115,1
194287965,1
309189403,1
355102402,unknown
355168483,unknown
355099179,unknown
355095683,unknown
355157727,unknown
208805313,unknown
355004182,2
333469,unknown
355099294,2
355004890,2
355180216,unknown
355216501,unknown
355237159,unknown
355961739,unknown
355238058,unknown
355095658,unknown
355106418,unknown
355110313,unknown
127885084,unknown
355098008,2
353456164,unknown
355180868,unknown
355007175,2
177875070,unknown
166464353,unknown
145312502,unknown
187352894,unknown
355005311,2
355182380,2
355153360,2
355003546,unknown
355003545,unknown
355181547,unknown
355153483,unknown
27077748,unknown
17298179,unknown
355107694,unknown
355157639,2
355101430,unknown
355964206,unknown
355127329,unknown
355106752,unknown
355184437,unknown
355110522,unknown
355110104,1
355110107,1
355124921,unknown
173358335,unknown
355124227,unknown
33433578,2
355109291,2
355109288,unknown
201110230,2
355204250,unknown
355204031,unknown
355204022,2
355002309,2
226277188,2
355190925,2
355203994,2
355230654,2
355007013,unknown
355181066,unknown
355221868,unknown
355102462,unknown
186380317,unknown
355217694,2
346183134,unknown
276714679,unknown
227743654,unknown
355107106,unknown
355241678,unknown
355098009,unknown
355108869,unknown
355165711,unknown
355195902,unknown
355216675,unknown
355198458,unknown
355198461,unknown
355167227,2
355190647,unknown
355190651,unknown
355109647,unknown
355095662,unknown
40820176,unknown
3624632,unknown
355236970,2
355218959,unknown
355237671,unknown
355110972,unknown
355163755,unknown
154359073,unknown
355110616,unknown
232546721,2
85114852,unknown
355216658,2
355237227,2
194581614,unknown
355157814,unknown
355371549,unknown
355011077,unknown
355011076,2
5122975,unknown
222565628,2
355090888,1
355126295,unknown
355005446,unknown
355157574,2
355368449,2
355095354,2
355237705,unknown
355289765,2
355006847,2
110549870,2
355957776,2
355126256,unknown
162097721,1
355009638,1
355102256,1
355998055,1
355010558,unknown
355170346,unknown
355940729,unknown
355124781,unknown
355109280,unknown
355102469,unknown
355009668,1
355239040,2
355004180,2
125487383,2
355009598,unknown
182348652,unknown
355182399,unknown
341436579,unknown
30775171,2
356000961,unknown
355010911,unknown
355007357,unknown
355007354,unknown
355100794,unknown
33430767,2
355005458,unknown
355005453,unknown
193300935,unknown
355221839,unknown
355998296,1
198981058,1
355005447,unknown
289827365,2
355160053,unknown
355238028,2
355090408,1
355115828,unknown
355115826,unknown
355151581,unknown
355941547,unknown
355124235,unknown
355216018,2
355238126,2
355089188,2
355090946,1
355008906,unknown
355008904,unknown
355099221,unknown
355099217,unknown
355009060,unknown
355189940,unknown
355004443,unknown
355180977,unknown
355102268,unknown
87165601,unknown
221894864,unknown
355945909,unknown
355223090,2
18466154,unknown
11237156,2
355237654,2
355003668,unknown
355179997,unknown
355004186,2
355173244,unknown
355102417,unknown
355245275,unknown
355153681,unknown
355153679,unknown
355009152,unknown
355009150,1
355368586,unknown
355099303,unknown
58506451,1
138664559,unknown
355090399,unknown
241477156,2
178776497,1
355009694,1
355950777,unknown
355950779,unknown
355008580,1
355368032,2
355940695,unknown
355124902,unknown
308918251,unknown
32550875,unknown
45186783,unknown
355005681,unknown
355005679,unknown
355227240,2
355227237,2
221439811,2
11032282,2
355110981,unknown
355110985,unknown
355003704,unknown
81587795,unknown
96285931,unknown
215598236,2
16827115,2
355004415,2
355156670,2
355369527,2
156676298,unknown
355098800,unknown
355994921,unknown
102970496,unknown
355198849,2
39847989,unknown
215598240,2
355007054,unknown
135252922,unknown
355007578,unknown
192661211,unknown
355221872,unknown
355221912,unknown
355009183,1
355190672,unknown
355094162,unknown
355007584,1
355955338,unknown
355957088,unknown
35162170,unknown
164435033,unknown
248930771,unknown
185725699,1
355159721,unknown
355159718,unknown
355009940,unknown
146159690,unknown
355007103,2
355007101,unknown
182313353,unknown
355098545,unknown
355098544,unknown
355099021,unknown
355222396,2
170821137,2
355127289,unknown
355195157,unknown
355099192,2
355157648,2
355181006,2
355216013,unknown
186108514,unknown
355956430,unknown
355089483,2
355172027,2
176598632,2
355011644,2
186325770,unknown
355958525,2
355136904,2
355009233,unknown
355004642,unknown
355004638,unknown
355109644,unknown
355109640,unknown
355099201,unknown
355154272,unknown
355154270,unknown
355181055,unknown
249274363,2
355952773,unknown
355190248,unknown
355190254,unknown
355135809,2
355227245,2
355181076,2
355009231,2
355940732,2
17792694,unknown
355009675,1
29768684,unknown
220973719,2
355008349,unknown
326939613,unknown
355102245,unknown
58507182,1
355181777,2
355215721,2
109437556,2
355126279,unknown
355156504,2
355368434,2
355110099,1
355156787,2
355171941,unknown
355181835,2
355124094,1
355004887,unknown
355004885,unknown
355002344,2
355115779,2
355099191,unknown
160224774,unknown
58057334,unknown
355209805,2
154768384,unknown
160462268,2
270265736,1
355110076,1
355238037,unknown
355099269,unknown
355099344,2
73003522,unknown
355157746,unknown
355181543,unknown
355216457,unknown
355214582,unknown
355098142,unknown
355124074,unknown
9739462,unknown
355940987,unknown
355124201,2
355124228,unknown
355090526,unknown
355221814,unknown
355150794,unknown
355107786,unknown
355107792,unknown
355179864,unknown
355179860,unknown
13290886,unknown
355184328,unknown
355182105,unknown
355126688,unknown
355006726,unknown
355124089,1
355179444,unknown
355179442,unknown
355153708,unknown
355101142,2
355188388,unknown
355216489,unknown
355089501,unknown
355089495,unknown
355179439,unknown
355102257,unknown
40820307,unknown
355007999,unknown
355988183,unknown
355167772,2
355167769,2
355238340,2
355160122,unknown
355160124,unknown
355006723,1
355008331,unknown
355160021,unknown
355159775,unknown
355127553,unknown
355237270,unknown
266914015,unknown
11068271,unknown
355157013,2
355090065,unknown
355127311,unknown
355109609,unknown
249771942,unknown
355179222,2
355108707,unknown
148805796,unknown
138199818,2
355008035,1
201337407,2
229267190,unknown
229267191,unknown
355996154,unknown
355201017,unknown
355179814,unknown
186002695,unknown
355096125,unknown
355200981,unknown
355219010,2
355005780,2
355102166,1
355005002,unknown
355004893,unknown
355110973,unknown
355124239,unknown
355003671,2
355158974,unknown
20801232,unknown
355100442,unknown
355100438,unknown
39790695,unknown
355009264,unknown
355175141,1
355004424,unknown
355205646,unknown
355205751,unknown
355219391,2
355005707,unknown
355009064,unknown
355953011,unknown
355124894,2
355004419,unknown
355219337,unknown
355006043,2
355098464,unknown
355196431,2
215597935,2
355179953,2
332176352,2
92223979,unknown
355195886,unknown
355196195,unknown
355135859,2
355209580,2
355169258,unknown
355007181,unknown
49392222,unknown
355004365,unknown
355958180,unknown
355181528,unknown
57867452,unknown
228406276,unknown
355154439,unknown
355160251,unknown
355160456,unknown
355007239,unknown
355181792,unknown
355175327,unknown
355011831,unknown
322161230,unknown
346508675,unknown
355009195,1
355161390,2
355097982,2
355310109,unknown
355955547,unknown
10927530,unknown
355018027,2
355219321,unknown
309425988,2
355009607,2
37569064,2
355110986,unknown
355095316,2
355215474,2
355238055,2
355089195,2
355102406,1
355089502,2
355181796,unknown
138182641,unknown
355181535,2
355940664,unknown
355216058,unknown
186002710,unknown
128763132,unknown
214036661,unknown
355099239,unknown
355007266,unknown
286791108,2
355940710,unknown
355126521,unknown
329847781,unknown
355132507,unknown
355006050,unknown
235325477,2
355371534,2
355210436,unknown
92268861,2
355008617,unknown
355008614,unknown
355214648,unknown
119254220,unknown
355159382,1
355099312,unknown
355091556,unknown
355091552,1
355009904,2
355128326,unknown
355110536,unknown
355006719,unknown
304206130,unknown
11197431,unknown
355289785,2
355175612,1
355090248,1
355160096,unknown
355160099,unknown
355005449,unknown
355208877,unknown
144174215,unknown
225618340,unknown
355108121,unknown
355124167,2
355126734,unknown
355174897,unknown
355110324,unknown
355011640,unknown
355003646,1
355005725,unknown
215596974,unknown
355127749,1
355006971,unknown
355006969,unknown
355095740,unknown
355962407,unknown
215597095,2
355189030,unknown
355219497,unknown
106860311,2
355237968,unknown
355170356,unknown
355158431,unknown
355158428,unknown
127885083,unknown
355170255,2
160043031,unknown
355006792,unknown
200673341,2
187475039,unknown
147182443,unknown
355189910,unknown
355189929,unknown
355007609,unknown
355125155,1
355998064,1
146796712,unknown
140883959,unknown
173765745,unknown
355371902,unknown
355940893,unknown
40820341,unknown
355006946,unknown
355006945,unknown
104387718,unknown
246127666,2
355009241,unknown
35162167,unknown
355175146,1
355156241,2
355204380,unknown
355204374,2
202616708,unknown
355005658,unknown
91972516,2
355106753,unknown
355159696,unknown
355157792,unknown
355157790,unknown
191614563,unknown
355195891,1
15099856,2
355230735,2
355124256,2
58695451,unknown
201844,unknown
355238329,unknown
355098477,unknown
355179251,2
168088965,2
355127306,unknown
160224542,unknown
355110612,unknown
355125633,unknown
355006048,unknown
355124117,unknown
202757210,unknown
355219327,2
159228097,2
355204402,2
355095366,2
355126740,unknown
93291542,unknown
221683191,unknown
265851038,unknown
355369854,2
355205761,unknown
355205758,unknown
355112961,unknown
355157296,2
355007331,1
355027341,unknown
355027323,unknown
355118062,unknown
355118058,unknown
355169783,unknown
165458295,unknown
31968956,unknown
355205029,unknown
355112014,unknown
355184738,2
355172072,unknown
355237218,unknown
355110278,unknown
355241095,unknown
186002712,2
355101137,unknown
355222020,unknown
355175310,1
10370001,unknown
355110535,unknown
97323972,unknown
355090529,unknown
355009941,unknown
328129991,unknown
355219362,unknown
355175620,1
355110888,unknown
160230236,unknown
355220801,unknown
355007080,unknown
355006716,unknown
355109687,unknown
355109691,unknown
355160423,2
355092783,1
1262280,unknown
355298421,unknown
355219324,unknown
355099293,unknown
309720151,unknown
355204418,unknown
103907444,unknown
355215771,2
355154278,1
182896240,unknown
322937812,unknown
355006984,unknown
355006982,unknown
355218866,unknown
355238064,unknown
355294509,unknown
355107676,unknown
355204405,unknown
355096123,unknown
355219378,unknown
355236986,unknown
355014764,unknown
355003716,unknown
355179895,unknown
355118271,unknown
193696967,2
355109699,unknown
174075517,unknown
355003549,unknown
20641928,unknown
305702619,unknown
355009708,1
302265980,1
355126071,unknown
199473756,2
160228168,unknown
355189312,unknown
355173473,unknown
355006889,unknown
355168976,unknown
355958536,2
355149232,2
355124230,unknown
107715631,unknown
355942876,unknown
355988245,unknown
244702315,unknown
177939569,unknown
343635736,1
355110144,1
355160105,unknown
260418961,2
355153422,2
32489620,unknown
355006720,2
355209569,2
355237246,unknown
214036794,unknown
26698937,unknown
355128270,unknown
355940886,2
355125661,2
355127044,unknown
355005987,unknown
355007596,1
355188877,unknown
355219718,unknown
120309390,unknown
355124971,unknown
355110135,1
355110139,1
144894534,unknown
180619853,unknown
355213536,unknown
355109663,unknown
355173885,unknown
214242545,unknown
355012915,unknown
22892897,unknown
233068926,2
355204415,2
355102432,unknown
355102430,1
355099082,unknown
355099171,unknown
355237990,unknown
266191931,unknown
355110524,unknown
143869139,unknown
355215472,unknown
355198843,unknown
355115524,unknown
355110316,unknown
355221851,unknown
355221854,unknown
355176238,unknown
164896472,unknown
355202019,unknown
129289899,unknown
225138533,unknown
355095069,2
355157753,2
73949721,unknown
355124098,unknown
355198564,unknown
355198567,unknown
355110975,2
355195210,unknown
355195205,unknown
191598956,2
40820311,unknown
355094144,2
355094139,2
355107097,unknown
355159703,unknown
355092093,unknown
355092098,unknown
355160479,unknown
328158564,unknown
355126708,unknown
355006046,unknown
10556557,2
355107804,unknown
355108710,unknown
201357741,unknown
160056562,unknown
122932758,1
319613720,unknown
355107738,unknown
355011646,2
355011643,unknown
270719199,unknown
355007224,2
355236646,2
355237704,unknown
355940582,unknown
355122491,unknown
17280710,1
355153460,unknown
355153458,unknown
355006045,unknown
37977412,unknown
355157596,2
355109674,unknown
309600078,unknown
355110285,unknown
355100411,1
355208616,2
355505391,2
355121170,unknown
355190225,unknown
355124170,unknown
355110539,2
355005669,2
219891831,1
355006359,unknown
355010926,unknown
355102392,1
187309135,unknown
143762109,unknown
355009702,1
355009705,1
355190973,unknown
355190971,unknown
355190232,unknown
170908997,2
355209780,2
355099231,2
355099223,2
356004868,unknown
355204371,unknown
355005985,unknown
355102397,unknown
355009170,unknown
355368320,unknown
355102309,1
145992719,unknown
299370927,2
355027332,unknown
162936931,unknown
355005768,unknown
165730406,2
355237680,2
355097997,unknown
355126073,unknown
355095331,unknown
355157382,unknown
355189706,unknown
355121962,unknown
355238040,unknown
355238995,unknown
355127295,2
355213347,2
3181745,unknown
101330189,2
355575969,unknown
42236032,unknown
355106756,unknown
355124133,unknown
355095609,unknown
355095607,unknown
135678914,unknown
214352552,unknown
355003702,unknown
355099343,unknown
355009659,1
355007249,unknown
355189401,unknown
355189399,2
355673773,2
355960111,unknown
355098546,2
355156781,unknown
355125975,unknown
355006733,unknown
355092073,unknown
355092070,1
355117873,unknown
355126255,unknown
355203578,unknown
22979768,unknown
355948421,unknown
84228431,unknown
355156728,unknown
306229676,2
249939100,2
165995797,unknown
355241809,unknown
355093297,unknown
134085968,2
355005783,2
39848316,2
355012997,2
355012986,unknown
172910634,unknown
106194869,unknown
355102274,unknown
355102270,2
355121989,2
355004423,2
49511994,unknown
353549323,unknown
355092403,1
51119094,unknown
355163747,unknown
144693710,unknown
148805813,unknown
313644418,unknown
355170341,unknown
355170333,2
355225031,unknown
355096133,unknown
189449417,2
221161554,unknown
163734262,unknown
355196229,2
355196221,2
355109292,2
23043266,2
355007242,unknown
355180990,unknown
355239038,unknown
355003973,unknown
355183720,unknown
355089184,2
355153022,2
355100451,unknown
355008613,unknown
168951872,unknown
355003644,1
355095596,2
355095592,unknown
186002708,unknown
325098857,unknown
355112011,unknown
274526543,1
190635969,unknown
57498751,unknown
355160701,unknown
355230690,2
355176460,unknown
355009669,1
355009671,1
322926574,unknown
169434177,unknown
205611677,unknown
355110611,unknown
355092392,unknown
355239158,1
355239204,unknown
355230436,unknown
355230430,unknown
168798172,unknown
355006841,2
355012175,unknown
355099377,unknown
355197412,unknown
355127548,1
355124233,unknown
152597774,unknown
355204372,unknown
355128664,1
355128667,1
355124970,2
223557536,2
355940879,unknown
355236778,unknown
355110323,unknown
355118160,unknown
355003599,unknown
355003598,unknown
355219487,unknown
111985930,unknown
355004184,2
355005981,2
215544553,2
313127405,unknown
355216031,2
247937978,2
207707568,unknown
355986528,2
355006965,unknown
355127555,2
355005091,unknown
155287260,2
355101915,1
355369137,2
355009540,2
355196416,2
355098140,unknown
355110315,unknown
355135838,2
355203981,2
195570400,unknown
355228579,unknown
355126675,unknown
355188402,unknown
355994928,unknown
355994932,unknown
355010252,unknown
355010250,unknown
171417576,unknown
355152796,unknown
140884284,2
355115765,unknown
249281344,1
355102482,unknown
355107677,unknown
355008937,unknown
355008936,unknown
355005650,2
355180262,unknown
355007570,unknown
355240569,unknown
355006906,2
355090375,1
355215277,unknown
163901928,2
355117777,unknown
50597642,unknown
50000428,unknown
355009069,unknown
355371475,2
355204377,unknown
202756526,unknown
355160075,unknown
355090939,1
58507756,1
355006857,unknown
355156702,unknown
139491963,unknown
355008334,1
355102492,1
218857418,unknown
355127773,unknown
163017850,unknown
355102419,unknown
355110327,unknown
355110277,unknown
27726123,unknown
355102410,unknown
355167695,unknown
355167693,unknown
52486067,unknown
207655851,unknown
355127748,1
355218971,unknown
355095889,unknown
355176139,unknown
355236744,2
356002212,unknown
355509830,2
355230642,unknown
355236995,2
355126262,unknown
355230382,2
355184205,2
355107117,1
355241100,unknown
144172288,unknown
355102300,2
270315425,unknown
355111006,unknown
355005743,2
355005741,2
355175319,unknown
355126770,2
164863334,unknown
355007333,unknown
355102407,unknown
355107811,unknown
355107816,unknown
355167696,2
214036795,2
160226114,2
355099143,unknown
72780249,1
354618228,unknown
355098439,unknown
99436262,unknown
355952742,unknown
353699854,1
170923175,1
355006860,2
355190666,unknown
355221760,unknown
355006835,unknown
355170335,2
66919198,2
182270237,unknown
231203738,unknown
318700837,unknown
355159083,unknown
355154253,unknown
355149230,2
322941328,unknown
355006948,unknown
130186470,1
355028899,unknown
355126066,unknown
355994884,unknown
355109681,unknown
355112015,unknown
265984249,unknown
355093475,2
355006713,unknown
355107728,unknown
355107727,unknown
214354462,unknown
355099281,2
355018486,2
355006939,2
355126260,unknown
195706199,unknown
187475053,unknown
355121503,unknown
355095685,unknown
355209781,2
355006722,unknown
355241790,unknown
355009945,unknown
355009949,unknown
355157766,unknown
355222058,unknown
171417302,2
355110991,unknown
355216676,unknown
355199607,unknown
355214525,unknown
355941539,unknown
355126772,unknown
355198869,unknown
355369250,2
221712567,unknown
226277187,unknown
355127382,unknown
42690802,2
355177083,unknown
355236693,unknown
355179446,unknown
355208886,unknown
355181040,2
226194124,unknown
355175641,1
355006039,unknown
355021528,unknown
355092041,unknown
355092040,unknown
355008929,unknown
355117595,unknown
355175150,unknown
355110613,unknown
355221807,unknown
355189932,unknown
355189933,unknown
355109281,2
355102414,unknown
355157380,2
37232504,unknown
355219468,unknown
355219464,unknown
355009626,unknown
355009624,unknown
355009415,unknown
139638764,unknown
355027343,unknown
355099184,unknown
355154235,unknown
355575911,unknown
26223124,unknown
355184433,unknown
355095605,unknown
201168685,unknown
355243712,unknown
355244272,unknown
274526783,1
355162165,1
355129433,unknown
355089246,unknown
355109199,1
355153692,1
183779954,unknown
152648678,unknown
355092833,unknown
229266789,unknown
355109611,unknown
355176129,2
355121529,unknown
355371914,2
355093292,unknown
355155545,unknown
355181050,unknown
102882901,unknown
355180652,2
355228137,unknown
355154251,unknown
355099330,unknown
355157528,unknown
356003168,unknown
355099175,unknown
145546399,unknown
355006846,unknown
355204370,unknown
291537089,2
355369142,2
355127350,unknown
355006354,unknown
355006855,unknown
355198439,unknown
355198441,unknown
355190238,unknown
355090229,1
184786368,unknown
207403896,unknown
355006813,unknown
355009047,unknown
355008927,unknown
355008925,unknown
40820129,unknown
355243198,unknown
355157355,2
355157572,unknown
355368443,unknown
355132509,unknown
355010253,unknown
355110520,unknown
355227187,unknown
355237971,unknown
355110310,unknown
355130872,unknown
355126738,unknown
167848887,unknown
355179762,unknown
356004212,unknown
355027330,unknown
355179918,unknown
355092984,unknown
221233126,unknown
355121968,unknown
355182396,unknown
355214493,unknown
355203596,2
355203592,2
355027328,unknown
355095361,2
355136918,2
355136926,unknown
355008630,1
355941002,unknown
355124536,unknown
355121166,unknown
355941115,unknown
322937874,2
355126750,2
355007031,2
355179829,unknown
355094142,unknown
355957772,unknown
187456944,unknown
355097996,unknown
355556097,unknown
20224430,unknown
355181002,unknown
355218879,unknown
355023021,unknown
355090948,1
355007209,2
165222044,2
308507487,unknown
355179621,unknown
355108867,2
355196228,2
40820324,unknown
328130517,unknown
355007244,unknown
355164739,unknown
116717049,unknown
355128732,1
355747932,unknown
355748213,unknown
355208627,unknown
355157376,2
355371572,2
196829910,unknown
355188817,unknown
355188816,unknown
355126659,unknown
355128816,unknown
322447516,unknown
355578037,unknown
355163729,unknown
355163731,unknown
355112000,unknown
355121090,unknown
355008576,unknown
355128485,unknown
36900495,unknown
123035996,unknown
355237651,unknown
355095945,2
64192155,unknown
355124200,unknown
105583478,2
355009189,unknown
355198875,2
355190633,unknown
355227760,unknown
355947165,unknown
355947169,unknown
355216054,unknown
355237701,unknown
179428461,1
355009651,1
355153512,unknown
355176044,unknown
355006877,2
355004870,unknown
355090165,unknown
355153641,unknown
355090172,unknown
308550360,unknown
355121159,unknown
355170366,2
154767436,unknown
355163785,unknown
186002982,unknown
355095883,unknown
355095881,unknown
129791513,2
355218928,unknown
355003872,unknown
355006755,unknown
154748039,2
355099316,unknown
355157582,2
355110982,unknown
355027346,unknown
355097994,unknown
273203456,unknown
355126069,2
255588917,unknown
355371908,unknown
355101443,unknown
355115905,unknown
355093295,unknown
355175095,unknown
355003221,unknown
355010925,unknown
355005719,2
355089477,2
343302573,unknown
23971275,unknown
203171078,unknown
355219380,unknown
355236773,unknown
355112755,2
355994400,unknown
355994401,unknown
355009928,unknown
355206238,unknown
355095942,2
355157620,2
355994891,unknown
355994895,unknown
355005442,2
355090366,1
355188819,unknown
355157800,unknown
355008347,unknown
355197376,unknown
355092982,unknown
355940690,unknown
355156382,2
61301942,unknown
355221845,unknown
355221846,unknown
355371859,2
355010559,unknown
355121480,unknown
355121477,unknown
355160125,unknown
167790063,unknown
355092036,1
355009653,1
355204390,unknown
314675461,unknown
355179873,unknown
355236712,1
355367719,unknown
355009210,1
355994382,unknown
355209783,unknown
355110040,unknown
272753110,unknown
329794382,unknown
355009019,unknown
139911316,unknown
355124185,unknown
355198309,unknown
355198871,unknown
158544366,unknown
355124205,unknown
355182414,unknown
154749759,unknown
355940994,2
355126822,2
217854821,2
355121931,2
355126331,unknown
355124778,2
355947171,unknown
355120786,unknown
355109695,unknown
355090511,1
58505823,1
80574245,2
355095121,2
355200321,2
355367542,unknown
355222580,unknown
143154245,2
355124776,2
355005739,unknown
355188390,unknown
355216006,unknown
355221646,unknown
355108727,unknown
355108731,unknown
355110051,unknown
355124647,2
29525629,unknown
306406127,unknown
355095887,2
355157408,2
355940684,2
355004559,1
355962396,unknown
355238051,unknown
355008569,unknown
355370483,2
355154282,2
355368055,2
355007610,1
108887868,unknown
355988848,unknown
355092714,1
355223981,unknown
355237401,unknown
355294191,2
355124166,unknown
274986647,unknown
206348601,unknown
355099350,1
355108466,unknown
355157597,2
191614553,2
159495620,unknown
149579019,unknown
9367887,unknown
355221924,unknown
355239008,unknown
355095603,unknown
355157606,unknown
316538493,unknown
355228139,unknown
336804927,unknown
355239021,unknown
355096124,unknown
355110322,unknown
355115613,unknown
355009720,1
245607742,1
207720077,unknown
58506728,1
355170334,2
187475052,unknown
304206129,unknown
355310119,unknown
355110532,unknown
355009010,unknown
355157341,1
262825989,unknown
355174751,2
84882098,2
355009171,2
355941072,unknown
355156745,unknown
355371592,unknown
355941463,unknown
355218906,unknown
355110993,unknown
355164063,unknown
355143882,unknown
355010928,unknown
355237965,unknown
355098758,unknown
355098793,unknown
355139881,unknown
355157656,unknown
355371584,unknown
355200984,unknown
355110971,2
226597810,unknown
355007672,1
272738612,unknown
355006710,2
355115871,unknown
355115869,2
355005733,unknown
355216673,unknown
355156743,unknown
274526529,1
24297727,unknown
355124243,unknown
355940996,unknown
355988971,unknown
355222171,unknown
173121915,unknown
355107801,unknown
355140624,unknown
5763141,2
182313355,1
355090489,unknown
355156496,unknown
355367986,unknown
355941966,unknown
355110068,1
355098000,unknown
355009404,1
355310110,unknown
355109279,2
355942309,unknown
355237621,unknown
40820185,unknown
355127429,unknown
278395372,unknown
355111434,2
355111429,2
355008608,unknown
355106775,unknown
355111004,unknown
355005439,2
355149228,2
355209583,2
355102394,unknown
355098755,unknown
355178422,unknown
191530982,unknown
355156665,unknown
355238369,2
355102260,2
224166670,2
355156392,2
29422173,unknown
355181788,unknown
355215732,unknown
355190244,unknown
293552140,unknown
355209670,unknown
57498719,unknown
355940643,unknown
355195163,unknown
355204998,unknown
14887053,unknown
355160158,unknown
355160160,unknown
176592851,unknown
355095117,2
187475038,unknown
355101446,unknown
355006907,2
355094107,2
355190690,unknown
355190693,unknown
355241511,unknown
355095705,2
224426812,2
355118146,unknown
355004362,unknown
355156674,unknown
355371831,unknown
355003242,unknown
173099859,unknown
355122741,unknown
355189295,2
355219736,2
138487639,unknown
120042607,unknown
355954451,unknown
355954456,unknown
193433289,unknown
355124876,unknown
355006758,2
170083997,unknown
355179811,unknown
355154220,unknown
355368435,2
355124777,unknown
116311301,unknown
182873346,2
155287725,2
355228994,unknown
355102400,unknown
355098474,unknown
355135857,2
355141044,2
160262188,unknown
355126696,unknown
355110980,unknown
198951291,unknown
355157832,2
355371886,unknown
355988232,unknown
355221992,unknown
355100576,unknown
355100573,unknown
355096394,2
355007198,unknown
355007192,unknown
355126263,1
355149235,2
355098803,unknown
193439060,unknown
355198470,unknown
200133774,2
355941267,unknown
355941189,2
355135853,2
355007630,1
355227248,unknown
355135846,2
355135845,2
13435929,unknown
355132506,unknown
355188781,unknown
212868218,unknown
355196427,2
355942616,unknown
355154946,2
355205380,unknown
355093788,unknown
355221916,unknown
30803752,unknown
355110886,unknown
355119272,unknown
355157364,2
355153695,2
355173250,unknown
182097297,2
355011373,unknown
355011372,unknown
355371446,2
355204029,2
182504782,unknown
355219471,unknown
355237009,unknown
168320239,2
246767805,unknown
355180649,unknown
355218859,unknown
355368088,unknown
355945932,unknown
355176009,unknown
355008342,unknown
355008341,unknown
355110995,unknown
355126283,unknown
224043203,unknown
355190679,unknown
355009246,1
355109626,unknown
182223312,2
355010327,unknown
355180737,unknown
355179825,unknown
178260889,unknown
355195198,unknown
355195196,unknown
355007574,1
355960113,unknown
355115537,2
355190201,unknown
355216021,2
355135817,2
355095647,2
40820349,unknown
355099198,unknown
114660450,unknown
10142763,unknown
355106798,unknown
355160025,unknown
355095325,unknown
355170006,unknown
355004624,2
355010562,unknown
355214059,unknown
355096121,unknown
355003253,unknown
355003252,unknown
355159223,unknown
355159226,unknown
355109627,unknown
355007036,2
227270279,unknown
355181811,unknown
99200076,unknown
355369106,2
355126074,unknown
355160103,unknown
320546304,unknown
355289638,unknown
355153017,2
355310120,unknown
355127783,1
355090722,unknown
355090720,unknown
95193938,unknown
355095073,2
355099211,unknown
355099207,unknown
355099315,2
183422424,2
355214636,2
355941518,unknown
355126321,unknown
355006725,unknown
231229057,2
355006980,unknown
136312937,2
355124099,1
355006892,unknown
355185802,unknown
355537469,unknown
355125830,unknown
15761634,unknown
313101867,2
187475047,1
355128677,1
355136251,2
355166257,unknown
355005714,unknown
355238367,unknown
43366178,unknown
355098251,unknown
355098249,unknown
355109250,unknown
355109248,1
355216303,unknown
355008618,unknown
355537121,2
146812295,2
355095695,unknown
355095691,unknown
355160116,unknown
355009613,unknown
355118148,unknown
355004550,unknown
355008579,1
355011078,2
355239156,1
355098484,2
355181524,unknown
355181518,unknown
355135833,2
355102465,1
355367981,2
160302379,unknown
355007026,2
355216460,unknown
355196199,unknown
355196203,unknown
355198436,unknown
355180221,unknown
355095311,unknown
245203880,2
83451249,unknown
355096129,unknown
87350471,2
355090201,1
355006015,2
355213268,unknown
355090678,unknown
58506759,1
355106773,unknown
355159391,unknown
355293591,unknown
355009180,unknown
209577372,unknown
355006817,unknown
355128683,1
355132508,unknown
355005787,2
355005786,2
355368005,unknown
103348076,unknown
355090825,unknown
198366456,unknown
206608761,unknown
355009550,2
355110987,unknown
355180257,unknown
355099139,2
221038042,unknown
355090394,1
355159231,unknown
164322735,2
355007264,2
355124966,unknown
355204379,unknown
174257460,unknown
355168508,unknown
355154070,unknown
355110989,unknown
355006933,unknown
355006929,unknown
355005645,2
355095612,unknown
355941042,unknown
355190630,unknown
355179969,2
355176137,unknown
242934464,unknown
191708948,unknown
355110328,unknown
67538952,2
355997874,unknown
355997878,unknown
355009239,unknown
133596455,unknown
126757876,unknown
355213154,unknown
355110617,unknown
355110329,unknown
355168481,unknown
355196230,2
355221847,unknown
355009535,unknown
355095952,unknown
355005005,unknown
40820321,unknown
122450051,unknown
355004413,unknown
355004367,unknown
355109301,2
213047020,2
154310635,2
355183279,unknown
355289635,unknown
355096127,unknown
355098222,2
355219356,unknown
355006942,2
355985696,unknown
98290396,unknown
326826195,2
155128730,2
355125979,unknown
355006040,2
355237005,unknown
355941266,unknown
355176021,unknown
306377409,unknown
355236965,2
355941292,unknown
40820348,unknown
355127921,unknown
355009058,unknown
355183050,1
169323992,unknown
355006923,unknown
105880254,unknown
355099329,unknown
355110998,unknown
355173644,unknown
355941155,unknown
143611656,unknown
152022729,unknown
160227401,unknown
355107778,unknown
206131295,unknown
355941217,2
355218912,unknown
355027347,unknown
355237011,unknown
355007143,2
355181058,unknown
191529351,unknown
112880280,unknown
355219460,unknown
353548196,unknown
355108863,2
355238731,unknown
355163761,unknown
355007674,1
355173649,2
355090234,unknown
355090233,1
355108796,unknown
355008031,unknown
40820338,unknown
41165502,unknown
355099027,2
355297154,unknown
355297156,unknown
355202034,unknown
355156712,unknown
355203605,2
355121104,unknown
224834322,unknown
355110086,1
355110090,1
355190229,unknown
355940870,unknown
355127369,unknown
355124244,unknown
355221944,1
355156790,unknown
355367851,unknown
355575923,unknown
355096132,unknown
229090692,2
355090378,1
108009349,unknown
355006938,unknown
355006934,unknown
355099097,unknown
210177852,unknown
355102448,1
355006364,unknown
355095896,unknown
355157395,unknown
355138383,unknown
96817605,unknown
355017710,2
355005980,2
355005979,2
355127800,unknown
355008597,unknown
355008590,2
355006975,unknown
355135842,2
355158658,unknown
355198291,unknown
355198296,unknown
189125442,2
355199878,unknown
40820310,unknown
355237286,unknown
55508593,2
355157629,unknown
355368174,unknown
355008348,unknown
259129767,unknown
355007347,unknown
355179536,unknown
355115784,unknown
355198465,unknown
355009237,1
355126067,unknown
355215285,2
355236982,2
355110896,unknown
192049599,2
355310098,unknown
355099167,unknown
355965109,unknown
113162620,unknown
355219442,1
355089182,2
147882100,2
355115530,2
355172756,unknown
355237292,2
355124163,unknown
355109651,unknown
355190938,1
355170256,unknown
355027329,unknown
355223924,unknown
355167233,2
355204062,unknown
355018800,unknown
355236767,2
355095729,2
254428878,1
355107110,unknown
105859342,unknown
355118263,unknown
273900498,unknown
355006905,2
355163066,2
355136921,unknown
178063174,unknown
355098554,unknown
355005777,2
355204404,unknown
355160446,unknown
255663440,2
355951678,unknown
322950395,unknown
355009005,1
355009187,unknown
355102322,1
355941201,unknown
211960995,unknown
177392369,unknown
168088967,2
355088870,2
355195878,unknown
355941119,2
48384271,unknown
190140938,unknown
355198448,unknown
355142895,2
355143416,unknown
213568400,unknown
355006839,2
101395130,unknown
224922665,unknown
355198697,unknown
355113172,unknown
355110291,unknown
355110093,1
298732576,1
68891403,1
187475040,1
355115756,unknown
355184767,unknown
355004187,2
355004159,2
40820319,unknown
355005700,2
355141040,2
355209778,2
79169012,unknown
355371463,unknown
355157638,unknown
355940659,unknown
355124077,unknown
355179802,1
355107689,unknown
355160114,unknown
126793952,2
355237687,2
355108763,unknown
164671437,unknown
186002984,unknown
355005464,2
355181015,2
355161168,unknown
355190639,unknown
355190643,unknown
322937787,unknown
324971958,unknown
355159681,unknown
355027334,unknown
355011064,unknown
355961143,unknown
355003357,2
355159663,unknown
355125158,2
297154633,unknown
4667096,unknown
355127376,1
217476830,2
355108723,unknown
355106383,unknown
355941464,unknown
355124208,unknown
159856926,unknown
355127787,unknown
355157555,unknown
355368339,unknown
355094193,2
68892235,unknown
355163573,unknown
355091558,1
98990302,unknown
355994977,unknown
355108722,unknown
355108719,unknown
355204385,unknown
355239206,unknown
112932078,unknown
355095894,2
355095890,2
355124127,unknown
355371895,2
355203025,unknown
170152909,unknown
355100722,unknown
355182203,2
146793065,2
355101955,unknown
355101951,unknown
355005646,2
180661378,unknown
355157360,unknown
355215275,2
355099278,2
355009172,1
179149178,unknown
355127811,1
355161172,unknown
355236990,2
236765956,2
355238006,unknown
355115776,unknown
355092063,1
355163759,unknown
355204684,unknown
172339566,unknown
355092096,unknown
355221824,unknown
355127763,unknown
355098791,2
355179813,unknown
355110307,unknown
355106406,unknown
355941461,unknown
355165709,unknown
42960078,unknown
355181804,unknown
355117569,unknown
171417530,2
274527125,1
355115484,unknown
355115770,unknown
355099265,unknown
355099257,unknown
124037457,unknown
355238660,1
355941520,unknown
273495266,2
226794728,unknown
355109553,unknown
355941451,unknown
355126616,unknown
355228942,unknown
190513838,unknown
355003239,2
355181018,unknown
338204237,unknown
355100392,1
178193861,1
290832681,2
309391959,2
62730381,2
355965561,unknown
355027344,unknown
309622019,2
355160135,unknown
355126754,unknown
355006360,unknown
355160144,unknown
355136898,2
355003628,2
355006760,unknown
355943342,unknown
257405341,unknown
355179827,unknown
355012551,unknown
355208888,unknown
355940890,2
355126259,unknown
355190618,unknown
355172695,unknown
355003632,unknown
355197877,1
355102188,1
355011607,unknown
57498706,unknown
355136906,2
355940634,2
355108757,unknown
54194102,2
355007146,unknown
355994911,unknown
355998230,1
355181828,unknown
355092074,unknown
355120782,unknown
355945775,unknown
355947114,unknown
355092838,2
144681823,unknown
355941298,unknown
355124229,unknown
355092062,2
58506737,1
355095650,unknown
355168332,unknown
355163567,unknown
355159230,unknown
355153486,unknown
355176049,unknown
355111435,2
355179840,unknown
355189282,unknown
355006873,unknown
173856854,unknown
355091275,unknown
355168943,unknown
165065924,2
355007247,2
123858559,2
355238503,1
355009206,unknown
355214583,unknown
355196227,2
292313450,unknown
224073588,unknown
355108494,unknown
355958547,2
355136907,2
138727389,2
355230521,2
355004615,2
355170336,unknown
355111426,2
355111418,2
180219451,2
355115528,unknown
355007241,unknown
355176849,unknown
189879425,unknown
355009643,1
355007058,2
355167721,unknown
355141050,2
355203999,unknown
355961446,unknown
355183342,unknown
194974787,1
355176066,unknown
355124248,unknown
256578631,2
229266830,unknown
306528158,unknown
355195136,unknown
355124121,1
187499539,unknown
355006732,unknown
204221638,unknown
355095646,unknown
156627667,unknown
355238330,unknown
355027327,unknown
108620118,unknown
355110308,unknown
355181853,unknown
355238659,1
355095642,unknown
40820178,unknown
133577405,unknown
160230290,unknown
355941511,2
355157004,unknown
355941272,unknown
306284926,unknown
325239058,unknown
178056199,unknown
355169157,unknown
229266828,unknown
198982902,2
233886338,unknown
173780036,unknown
327729269,unknown
355215758,2
58507158,1
355095115,2
221685299,unknown
355157798,unknown
355115718,unknown
139954373,2
355371519,unknown
45689195,unknown
355009390,unknown
355160901,unknown
150313001,2
355962465,2
355575918,2
355238661,1
57498710,unknown
186002705,unknown
259702229,unknown
355172082,unknown
298218618,unknown
355092846,unknown
193432507,unknown
355121116,unknown
355163771,unknown
355750204,2
42517759,unknown
355175648,unknown
355941467,unknown
141397600,unknown
355095346,2
229267189,unknown
355110621,unknown
186002698,unknown
355221684,unknown
355154252,unknown
355172691,unknown
355172687,unknown
319842557,unknown
162425095,unknown
355007019,2
355955844,unknown
355125677,unknown
355108479,unknown
355110282,unknown
355179853,unknown
169409447,unknown
355004364,unknown
355008886,unknown
355090371,2
58505630,1
219411250,2
31187891,unknown
212497175,2
355143143,2
355190614,unknown
355007348,2
355007344,unknown
211980711,2
355098429,2
355156605,2
355153420,2
356002214,unknown
355095312,unknown
186317117,unknown
355027336,unknown
355940652,unknown
259992807,unknown
355102375,unknown
58507743,1
355023031,unknown
355108698,unknown
355154944,unknown
355127538,unknown
355310117,unknown
355236258,unknown
282007436,unknown
355012188,unknown
355164973,unknown
355128294,1
355003601,unknown
314397258,unknown
313109993,unknown
158076235,unknown
322934612,unknown
355221977,1
355132286,unknown
355204032,unknown
355952821,unknown
355092389,1
355095645,unknown
355156404,unknown
355023332,unknown
355208617,2
83958126,unknown
355090873,unknown
355005444,unknown
176251709,2
355124981,unknown
180663677,unknown
355109537,unknown
355126272,unknown
355180253,unknown
160294323,2
127346835,unknown
355176479,unknown
85062222,unknown
355204406,unknown
194455451,unknown
355009553,2
346354697,2
143616691,2
313095703,2
182368564,unknown
355160061,unknown
164919436,2
355152595,2
355008033,unknown
355206255,unknown
355617472,1
355998291,1
95756865,unknown
355219721,unknown
176599737,2
337279283,unknown
355006711,2
355122330,unknown
95114732,2
355096136,2
355095721,2
355095716,2
355198845,unknown
355161417,1
355189729,unknown
355095062,unknown
355095061,unknown
355154949,unknown
189071354,unknown
91725745,1
355110284,unknown
355099378,unknown
355956668,unknown
355244292,unknown
355213166,unknown
355236657,unknown
355965104,unknown
355368856,2
355181806,2
355093974,unknown
175165963,unknown
355127288,unknown
355181061,unknown
221681924,unknown
176606412,unknown
355224795,2
355126326,unknown
355002303,unknown
355005673,2
355218872,unknown
204221653,unknown
355110992,unknown
311286710,unknown
224812923,unknown
355179709,unknown
178056198,2
355099092,unknown
191598897,unknown
103110941,unknown
355113169,unknown
355159654,unknown
169398233,2
355098538,unknown
355101425,unknown
355101424,unknown
355009023,unknown
355182410,unknown
9909719,unknown
355089482,unknown
355196943,2
355571753,2
160228934,2
355176016,unknown
193696046,2
355007104,2
355090937,unknown
355237982,unknown
355099317,unknown
355099095,unknown
355005692,unknown
46856206,unknown
355007007,unknown
355008611,unknown
355095335,unknown
355095315,unknown
355127379,1
355152760,2
355124078,unknown
356005402,unknown
355115856,unknown
355008589,unknown
355096137,unknown
355006754,unknown
355204049,unknown
355156748,unknown
355371143,unknown
355368330,2
189126818,unknown
355215752,unknown
40820318,unknown
355164005,unknown
173150107,unknown
209073614,2
210712300,unknown
355238035,unknown
355095935,unknown
355110131,1
355188810,unknown
241148229,unknown
355090706,unknown
35162172,unknown
355180998,unknown
179156506,unknown
355110276,unknown
355204381,unknown
355003622,unknown
355004185,2
160228423,unknown
355157554,unknown
355371492,unknown
162068863,unknown
355953412,2
355009113,unknown
40820177,unknown
355102292,1
355010927,2
355371845,2
355135814,2
355007634,unknown
146846375,2
257926446,unknown
355181783,2
355962008,unknown
355096128,2
355154284,unknown
200084216,unknown
306406118,unknown
355006362,unknown
355159687,unknown
355003609,unknown
355371587,unknown
355110098,1
355237624,unknown
355125650,unknown
355006709,unknown
355958669,unknown
355092776,unknown
40820308,unknown
355121149,unknown
355209089,unknown
355124210,unknown
355109330,2
355182095,2
214924582,unknown
161305380,unknown
355004548,unknown
346042960,unknown
247447750,unknown
31228978,1
58508576,1
355004666,unknown
355942315,1
355099346,unknown
355157422,unknown
355006770,1
355371420,2
355124209,unknown
105990534,unknown
355008567,1
160226116,unknown
355294122,unknown
355124191,unknown
202757237,unknown
355941095,unknown
40820184,unknown
355093294,unknown
223294371,unknown
186635242,unknown
310134699,unknown
355184761,unknown
355011745,unknown
187369387,unknown
355090707,unknown
53088346,unknown
355115529,unknown
355236654,2
355109297,2
355098550,2
355097992,unknown
355098536,2
355310105,unknown
265717514,unknown
339207130,2
355124203,2
355181946,unknown
355006353,unknown
355214568,unknown
355184345,unknown
355156488,unknown
355369163,unknown
355093931,2
190955997,1
355962411,unknown
355941184,unknown
355124055,unknown
355009547,unknown
355027338,unknown
169347442,2
355158660,unknown
355941500,unknown
355216858,2
355207860,unknown
355207858,unknown
355101962,unknown
355101960,unknown
355007015,unknown
355181790,unknown
189809580,2
133577388,unknown
355029095,unknown
355008564,1
355124944,unknown
355009373,1
355110978,unknown
355941473,unknown
322947517,unknown
355149234,2
355009608,2
160227414,2
355089469,unknown
355204376,unknown
355100579,unknown
355127387,unknown
355940884,2
355098224,unknown
355007676,unknown
156864654,2
355368036,2
355006927,unknown
222254637,unknown
355195511,unknown
355204420,unknown
69614918,unknown
216031222,unknown
355108751,2
355156468,2
355009986,unknown
156858844,unknown
355102390,unknown
355178418,unknown
355125845,unknown
355371788,2
355941287,unknown
355121186,unknown
355007042,unknown
355180269,2
355119549,unknown
355102312,1
355102399,unknown
355118102,unknown
148409403,unknown
355004633,unknown
355121131,unknown
191614001,unknown
355124232,unknown
355005695,unknown
163137955,unknown
355127542,unknown
355005292,2
160278722,unknown
355098766,unknown
99375134,2
355101079,2
355998272,1
160272304,unknown
188583635,unknown
355216473,unknown
355007571,unknown
135106891,unknown
355002305,unknown
355009162,unknown
355160440,unknown
355110614,2
355004422,unknown
355227804,unknown
355099199,unknown
355117842,unknown
355137770,unknown
274526537,1
355226977,unknown
355110287,unknown
355144503,unknown
355163749,unknown
355027348,unknown
228826310,2
355027331,unknown
355006334,2
355956047,unknown
355238651,1
355213313,unknown
355368099,unknown
180661143,2
156529528,unknown
92039439,unknown
355156759,2
355985936,unknown
355092717,unknown
355368838,unknown
216011499,2
355747935,unknown
355126273,unknown
355007252,unknown
355221818,unknown
355198554,unknown
355169051,unknown
133399450,2
355940542,2
215590785,unknown
175844508,unknown
187294381,unknown
266242062,unknown
355106391,unknown
355008957,1
355151013,2
300030388,2
355173650,unknown
355098003,unknown
355107798,unknown
355181801,2
355095661,unknown
355213549,unknown
355154663,1
355183233,2
28065339,unknown
355006361,2
355009224,unknown
355126278,unknown
355175535,unknown
355004156,1
355095674,unknown
355121991,unknown
178052102,unknown
193695940,unknown
187798516,unknown
204627100,unknown
355171928,unknown
52486066,unknown
154338124,2
173861504,unknown
355009220,unknown
181048424,2
355005309,unknown
355005304,unknown
128085129,unknown
355115766,unknown
355215737,unknown
40820182,unknown
355110891,unknown
355018020,unknown
355213497,unknown
355095610,unknown
355998257,1
115867727,unknown
355110885,unknown
191599990,unknown
355135844,2
143854594,unknown
355091812,1
355189381,unknown
51691388,unknown
355009368,unknown
355207837,unknown
355207843,unknown
355094161,unknown
258592866,2
181678011,unknown
69064953,1
355367668,1
135050022,unknown
355170430,unknown
191599986,unknown
355156523,unknown
40820180,unknown
355099274,2
355099254,unknown
160230289,unknown
355003686,unknown
355162156,unknown
319573322,unknown
355215699,unknown
355237254,unknown
355124110,unknown
355124108,unknown
355121937,unknown
355126282,unknown
355215463,2
355176026,unknown
355136901,unknown
160228932,unknown
355102225,unknown
355092241,1
355131817,unknown
355157591,2
355003624,unknown
355124115,unknown
355099363,1
355102194,1
355007147,unknown
355130596,unknown
355004628,unknown
155316665,2
355940224,unknown
355228997,unknown
127885064,unknown
58622595,unknown
355009225,unknown
355092848,2
355111003,unknown
233887019,unknown
196140824,unknown
355224166,unknown
355095710,2
355115780,unknown
222245859,unknown
355237235,unknown
97543988,unknown
236743303,2
355003724,unknown
355952886,unknown
355963984,unknown
355238648,1
187475050,2
355005682,unknown
164627899,unknown
355126787,unknown
162936930,2
355121096,unknown
355095664,unknown
355115854,unknown
355099310,2
355201009,unknown
355236672,2
216807922,2
355093786,1
69455050,unknown
355007070,1
355128728,1
355099091,2
137895720,unknown
54955379,2
355941132,unknown
20095606,unknown
355090005,2
355160255,unknown
355010901,unknown
355208610,2
355238032,unknown
355183718,unknown
355005974,unknown
355098236,1
355003623,unknown
355179899,unknown
355111463,1
160232149,unknown
355110325,unknown
355107102,unknown
355107698,unknown
355295662,unknown
355163736,unknown
183610045,unknown
355203086,unknown
355090491,1
355161173,unknown
186002703,unknown
355941480,unknown
354267232,unknown
355203996,unknown
233996912,2
122932784,1
355157357,2
355183711,2
163423843,2
355156724,unknown
355090237,2
355204048,unknown
355098179,unknown
237550856,unknown
355009035,unknown
355941489,unknown
191599992,unknown
355008631,unknown
355090063,unknown
355748214,unknown
355127896,unknown
76364752,unknown
355958562,2
355204001,2
355958159,2
355124204,unknown
355124980,unknown
217662341,unknown
355010328,unknown
355115785,unknown
355180027,unknown
355096130,2
355310099,unknown
178671562,1
355128690,1
355110894,unknown
355089551,2
355089548,2
208963342,2
355940227,unknown
355009229,unknown
355099020,unknown
187475035,unknown
355157488,unknown
355371615,unknown
355216659,unknown
191530983,unknown
355163775,unknown
355163779,unknown
355208882,unknown
355102319,1
355009242,unknown
355575935,unknown
126427059,unknown
320243346,unknown
355115896,unknown
355115891,unknown
355118144,unknown
355199045,unknown
355230467,unknown
355239569,unknown
176600389,unknown
355181849,unknown
355124183,unknown
355163743,unknown
214036953,unknown
355099299,unknown
355157514,unknown
355126722,unknown
355221764,unknown
355027339,unknown
281603164,unknown
355310116,unknown
355221989,unknown
355204294,unknown
355003613,unknown
355003610,unknown
274697744,1
355111423,2
355015421,unknown
355153379,unknown
355205733,unknown
355218854,2
355109541,2
355240156,unknown
355222552,unknown
355102265,2
355110082,1
355154084,unknown
355121934,unknown
355156377,unknown
355183294,1
355095738,unknown
355102253,unknown
355947334,unknown
355310106,unknown
355136905,2
355183043,unknown
355183315,1
355098228,unknown
355310100,unknown
355217244,unknown
355123077,unknown
355124641,2
355006941,2
355007121,2
274698075,1
355222161,unknown
190494002,unknown
355182425,unknown
355216016,2
355006055,unknown
318228773,unknown
355124785,unknown
355195884,unknown
355102217,1
355006834,unknown
355244104,unknown
355102377,1
246594907,2
355108868,unknown
355206243,unknown
355003645,unknown
355236681,unknown
355006708,unknown
355128274,unknown
355130088,unknown
355110884,unknown
165699618,unknown
355154093,unknown
355222568,unknown
355088949,2
355152795,2
355297136,2
322950888,2
355121142,unknown
355994942,unknown
340839071,unknown
355004536,2
355368848,2
112921546,unknown
355220788,unknown
355102455,1
355095613,unknown
355205000,unknown
355101084,2
355179634,2
355002282,unknown
130627156,1
355181824,unknown
29023691,unknown
46490456,2
355093987,unknown
355156776,unknown
58505819,1
355128347,2
176536466,unknown
355110893,unknown
355122770,unknown
355122778,unknown
40820192,unknown
355179744,unknown
6870043,unknown
355124240,unknown
355167096,unknown
355167092,unknown
355006900,unknown
355176017,unknown
355945903,unknown
355941268,unknown
355012549,unknown
355012999,2
355027335,unknown
173729684,unknown
355099107,unknown
355099104,unknown
193687318,unknown
172160701,2
355136222,2
80893290,unknown
355090508,unknown
355157602,unknown
355110537,unknown
355125980,unknown
140118313,unknown
61424781,unknown
355111780,2
355181934,unknown
355006995,2
278587941,unknown
355160054,unknown
355954599,unknown
160630036,unknown
355156673,unknown
352838444,unknown
355157642,unknown
355153499,unknown
355153493,unknown
355003642,unknown
214572041,unknown
355198453,unknown
54955288,unknown
355110039,unknown
355953286,unknown
355120642,2
355206251,unknown
202997301,unknown
355176058,unknown
40820328,unknown
355110533,unknown
355954901,unknown
35162168,unknown
355110015,unknown
355124276,unknown
355009050,unknown
355108820,2
355108815,2
355110528,unknown
355204027,2
355160259,unknown
355160755,unknown
355125683,unknown
355190927,unknown
355012909,unknown
355196205,unknown
355090222,1
355170338,unknown
355172025,unknown
202731080,unknown
355110290,unknown
355143378,2
355367524,2
355108839,unknown
160230621,2
77985071,2
58505809,1
100445101,unknown
108957664,unknown
217638897,unknown
355009351,unknown
355008343,unknown
156123536,unknown
355099658,unknown
355189930,unknown
355157492,unknown
355371822,unknown
355092100,unknown
355204256,unknown
355009214,unknown
355941493,unknown
177354727,unknown
355124202,unknown
242090520,2
123907562,unknown
355127544,unknown
355198839,unknown
355227754,unknown
355124280,unknown
355169780,unknown
355127337,unknown
221910185,unknown
355099160,unknown
355238147,unknown
100639538,unknown
355965069,unknown
355007127,unknown
90984206,2
355110071,1
355994948,unknown
221210361,unknown
355027345,unknown
355110983,unknown
355007653,unknown
355126257,unknown
355371552,2
355204252,unknown
355940971,2
355093977,2
160230244,2
355190920,2
355008356,1
192942618,unknown
170829137,2
204458854,2
127905693,unknown
308619769,1
355007218,unknown
224416247,unknown
355157429,2
355371851,2
58506757,1
355367748,unknown
154061463,1
355164057,unknown
198482808,2
149135916,unknown
355157634,2
355369150,2
191532046,unknown
197255168,unknown
355161171,2
40820316,unknown
355146853,unknown
355015148,unknown
355127395,unknown
355127393,unknown
355121102,unknown
355090509,1
355099376,unknown
355099372,unknown
34626357,2
222592111,unknown
355184745,unknown
355206750,unknown
355236723,unknown
355126824,unknown
355204034,unknown
355237262,2
355200974,unknown
355161177,unknown
186002976,unknown
182137986,unknown
242394306,unknown
355201013,unknown
355179852,unknown
355108735,unknown
16616353,unknown
216370345,unknown
355117949,unknown
355110283,unknown
355124268,unknown
355163739,unknown
197543195,unknown
355154250,unknown
355006752,unknown
355005686,unknown
355961966,unknown
352209273,2
355369116,unknown
355007316,unknown
355216047,unknown
215597133,unknown
35162165,unknown
355003491,unknown
355367783,2
355208607,2
355204037,unknown
355190128,unknown
355222328,unknown
141561519,unknown
154885978,unknown
355006356,unknown
355012184,unknown
355953229,unknown
355128320,1
86300482,1
223914275,unknown
163017849,unknown
355157585,unknown
355095956,unknown
355222325,unknown
45826448,unknown
355238079,unknown
180661515,unknown
355127599,unknown
355144830,unknown
355115872,2
355173889,unknown
355204375,unknown
355215282,unknown
355954906,unknown
355155548,unknown
355010904,unknown
355007046,unknown
355003589,1
355940715,2
355109544,2
355121099,unknown
355003664,2
355230684,unknown
355237690,unknown
355940598,unknown
355125671,unknown
355175608,unknown
355150843,unknown
15776292,unknown
355202003,unknown
355110525,unknown
355097990,unknown
355160467,unknown
355942767,unknown
355204399,unknown
355141048,2
355158275,unknown
47812236,2
355095597,2
150200721,2
355089158,2
355941306,unknown
225071080,2
355093973,unknown
355941250,unknown
40820337,unknown
212827788,unknown
355006059,unknown
19712909,unknown
355088954,2
355206244,unknown
355218920,unknown
309292954,unknown
355092771,unknown
355110121,1
355092020,1
233887010,unknown
175743760,unknown
355176055,unknown
176589288,unknown
355181936,unknown
355003528,unknown
355156529,unknown
355158976,unknown
355174310,unknown
355160777,2
355216035,2
355006057,unknown
355156730,2
355099044,unknown
355111425,2
102971994,unknown
308946600,unknown
355200745,2
236952523,2
44137128,unknown
355157406,2
355127340,unknown
223947598,2
260732528,unknown
355153724,unknown
355092052,1
280062584,unknown
355121124,unknown
355002335,unknown
355654943,unknown
355126784,unknown
355310108,unknown
355107814,unknown
274526544,1
355991892,unknown
355099353,1
355195135,unknown
225157678,unknown
355003709,unknown
307477812,unknown
58506173,1
355940553,unknown
355175635,unknown
355170367,unknown
355204050,unknown
355124234,unknown
92039438,2
355106405,unknown
355170224,2
355107447,1
355941537,unknown
82847261,unknown
355219405,unknown
180661381,2
355237013,unknown
355100577,unknown
355222827,unknown
355236775,2
263228968,2
355027337,unknown
355179144,2
355126311,unknown
26713916,unknown
355195850,unknown
40820186,unknown
355204393,unknown
170152908,unknown
355227199,unknown
176766934,2
355163541,unknown
190503263,unknown
355006049,unknown
355371541,unknown
355219435,unknown
355238070,unknown
355136930,2
355102408,2
355009054,unknown
355111000,unknown
223374955,unknown
355371484,unknown
257447584,unknown
355189363,unknown
355172692,unknown
162736356,unknown
355007133,unknown
355155569,2
355206756,unknown
355006008,2
355122490,unknown
355367830,1
355004542,unknown
355126076,unknown
355368835,unknown
355368170,unknown
355368172,unknown
355110890,unknown
355168966,2
355168963,unknown
142728834,unknown
355099181,2
306815082,2
355371491,2
191588424,unknown
355094741,2
355014710,unknown
355009716,1
355238988,unknown
92699126,2
355097995,unknown
355007160,unknown
355007153,unknown
355371508,2
355161170,2
355175314,unknown
355219971,2
103827964,2
20087803,unknown
355367699,unknown
215597158,unknown
355952128,unknown
355958163,unknown
355101080,unknown
355214606,unknown
355009167,unknown
122932741,1
355121519,unknown
198889667,unknown
163723362,unknown
355128259,1
355009218,unknown
355160747,unknown
355004874,unknown
355110999,unknown
37004771,unknown
355124226,unknown
355109326,2
189754914,unknown
355940721,unknown
355115857,2
355154947,1
355124096,2
105246767,unknown
355951394,unknown
191530985,2
300694963,unknown
355238344,1
355011080,unknown
98970456,2
182482360,2
355180241,unknown
355007601,2
204189757,unknown
78045232,unknown
274698327,1
221962997,2
355157398,unknown
355182403,unknown
355238393,unknown
169495118,unknown
355141132,2
85906008,2
223028318,unknown
355994399,unknown
355994887,unknown
355213182,unknown
168088964,unknown
355951485,unknown
355152791,2
355160705,unknown
355206252,unknown
40820342,unknown
355198314,unknown
320488018,unknown
355367792,unknown
199000078,unknown
355222049,unknown
355021832,unknown
355175604,unknown
355310102,unknown
85941685,unknown
209333392,unknown
355007622,1
355127601,unknown
355121120,unknown
355957092,unknown
355222038,unknown
58506427,1
355367673,unknown
355940674,2
355006054,unknown
355110531,unknown
324092338,unknown
355170369,unknown
355214562,unknown
355008880,unknown
90808250,2
271609270,2
58508568,1
355168321,unknown
343474545,unknown
38951608,unknown
298937150,unknown
355110990,unknown
355196434,2
355153506,unknown
14611115,unknown
355090235,unknown
355156539,2
355179671,2
355941544,unknown
128845285,unknown
87592473,unknown
54922197,unknown
355204249,2
355006782,unknown
355941162,2
355174199,unknown
355213280,1
355236973,unknown
169448275,unknown
355940703,unknown
308403825,unknown
355207862,unknown
355236977,unknown
318716706,unknown
355094159,1
136570089,unknown
355002346,2
355127384,1
355799720,unknown
355956302,unknown
355221040,unknown
355095074,unknown
164066174,unknown
40820188,unknown
355171907,unknown
114546331,unknown
83029107,unknown
186002972,unknown
355007269,unknown
192669897,2
355204383,unknown
355124231,unknown
355124404,unknown
355108822,2
355171885,unknown
294947940,unknown
355184742,unknown
216021722,2
355218995,unknown
242577141,unknown
58508572,1
55720074,2
355204407,unknown
355097999,unknown
165732263,unknown
355009209,unknown
355952872,2
355230740,2
355127398,1
355198569,unknown
355106797,unknown
355106790,unknown
355188328,unknown
355961248,unknown
355005288,2
222267944,2
355169785,2
355206247,unknown
355110319,unknown
355183031,1
355126280,unknown
355090813,unknown
355237257,2
355121490,unknown
83734833,unknown
229266829,unknown
355159379,unknown
355006872,unknown
355156598,2
145099003,unknown
355223926,2
355094039,1
191530519,2
49898908,unknown
355009196,unknown
43120719,unknown
163380949,unknown
355124104,unknown
355179147,2
355108762,unknown
355009184,unknown
207877995,unknown
143611783,unknown
355238966,2
315688510,unknown
160863746,unknown
175524704,unknown
181052030,unknown
177248169,unknown
355962381,unknown
355175646,unknown
355367849,2
355157593,unknown
355368327,unknown
347306925,unknown
355138139,unknown
355003616,1
355100424,unknown
355157773,unknown
355293540,1
145519685,unknown
355182392,unknown
38157241,unknown
355111005,unknown
355004183,unknown
214696390,unknown
355249443,unknown
355244100,unknown
355190932,unknown
261880597,unknown
355215712,unknown
355221744,unknown
355006052,unknown
355098007,unknown
355294147,unknown
209577373,unknown
355206246,unknown
355027326,unknown
355125686,2
355222026,1
355179126,unknown
355121935,2
355247176,unknown
355124206,2
355156416,unknown
355090519,unknown
355153717,unknown
77987066,unknown
355310115,unknown
274526557,1
355195507,unknown
138786001,unknown
355110320,unknown
355208879,unknown
355006868,1
40820181,unknown
355947360,unknown
355110326,unknown
355801196,2
274526547,1
125112783,2
355201327,unknown
355204044,unknown
355231320,unknown
355154953,unknown
355154952,unknown
355209612,unknown
355003563,1
114520044,2
355126277,unknown
341777484,unknown
178916036,unknown
229560293,unknown
146171576,unknown
355941265,2
193442611,2
355102415,unknown
355227294,unknown
355003638,unknown
355988270,unknown
355102434,1
58507731,1
355221681,unknown
355018939,unknown
355027333,unknown
355012161,unknown
339331674,unknown
355110309,unknown
356000770,unknown
355091273,unknown
355154288,unknown
355110530,2
355108738,unknown
355208619,unknown
355367815,2
334522125,unknown
355368073,2
355127914,unknown
355007011,unknown
355007009,unknown
355237288,unknown
203852968,2
355156425,2
355190933,unknown
355003684,unknown
174945343,unknown
117115574,unknown
355159713,unknown
355163536,unknown
186635247,2
355099365,unknown
122086610,unknown
355164028,unknown
355214477,unknown
355174188,unknown
238728453,unknown
274527139,1
355095745,unknown
355994842,unknown
355164748,unknown
143868130,2
105722996,unknown
355181842,unknown
355226710,2
355102442,1
355189385,unknown
355225771,unknown
246066490,2
355009408,unknown
355108866,2
182826376,unknown
355009655,1
355124190,unknown
277693358,unknown
355182387,unknown
40820335,unknown
355110540,unknown
355200194,unknown
355218968,unknown
355369245,2
355961946,unknown
177934174,1
355243745,unknown
355124186,unknown
355092822,1
217161872,unknown
355204369,unknown
355206953,unknown
190504335,unknown
355089500,unknown
355190211,unknown
219820240,unknown
355135848,2
130581640,2
190156781,unknown
190500093,unknown
355009226,2
160228915,2
355175639,unknown
355155563,1
355173470,unknown
355151401,unknown
163494078,2
355179799,1
187297790,unknown
355127891,unknown
355298417,unknown
140287599,unknown
355368940,2
355162177,unknown
277693779,unknown
322941454,unknown
355196424,2
179399639,unknown
355115858,unknown
134417431,unknown
355238372,1
355153664,unknown
355157008,2
215312416,unknown
265714531,unknown
355223233,2
355940669,unknown
355575928,unknown
355953735,unknown
355097957,unknown
355027753,unknown
355373668,2
157478410,unknown
355238138,unknown
355111007,2
305673263,unknown
355940629,unknown
355176013,unknown
126817182,unknown
355017999,unknown
355310107,unknown
355115742,unknown
355223986,2
355008600,unknown
355134813,unknown
355110311,unknown
355106785,unknown
355121163,unknown
174555058,unknown
355110305,unknown
356002170,unknown
355154609,1
355110286,unknown
355115410,unknown
355007576,unknown
355368336,2
301224622,unknown
355027349,unknown
355159656,unknown
355941057,unknown
355157599,2
189858264,unknown
355950787,unknown
202968303,unknown
346614756,unknown
355130598,unknown
355155609,2
355121093,unknown
355090390,1
355153697,unknown
341545485,unknown
355174159,unknown
355009230,2
355941846,unknown
355179982,1
355213492,unknown
58507725,1
355110321,unknown
47373422,unknown
355163058,2
355662953,unknown
355144834,unknown
355219429,unknown
355369127,2
355089533,unknown
355962377,unknown
355090934,1
355113174,unknown
224696579,2
122933240,1
203246769,unknown
355009244,unknown
355174560,unknown
355943297,unknown
355028364,unknown
355006352,unknown
274526878,1
355004154,1
355119308,unknown
355310104,unknown
355012547,unknown
355368456,2
355310095,unknown
322934616,unknown
355121151,unknown
355208500,unknown
355941259,unknown
67894014,unknown
129159378,unknown
355127400,1
355172693,unknown
58508571,1
22303671,unknown
355940648,2
100107029,2
44695934,unknown
355010230,unknown
355953381,unknown
355368086,unknown
355368441,unknown
355175749,unknown
355102411,unknown
355027342,unknown
355203009,unknown
355099165,unknown
355181868,2
355310111,unknown
355101217,2
355203601,2
355094047,2
355003488,unknown
355003586,unknown
355110125,1
355610486,2
355158670,unknown
355171802,unknown
355008601,1
355110997,unknown
120106983,2
355092090,1
346898421,2
355101218,2
306528232,unknown
355993859,unknown
355101082,2
355169781,unknown
355124207,2
355176010,unknown
80450198,2
355955500,unknown
355941495,unknown
355168358,unknown
355115752,unknown
355003727,unknown
355003726,1
355175625,unknown
355991327,unknown
187309136,2
355125658,unknown
174942580,1
355125666,unknown
355096122,unknown
355125682,unknown
355213231,2
355128730,1
355107758,unknown
355108793,unknown
5267578,unknown
64261740,unknown
160228983,unknown
319124007,unknown
355294627,unknown
355368462,unknown
355184209,2
355367566,2
347973901,unknown
355163044,1
355962033,unknown
355204026,unknown
184153624,unknown
193425693,unknown
355169033,unknown
355153710,1
162081888,2
355940734,2
355152794,2
355204378,unknown
355184299,2
355102236,unknown
355027340,unknown
355119579,unknown
355199657,unknown
81049993,unknown
355994906,unknown
205697063,unknown
218086605,unknown
355176262,unknown
355007668,unknown
355095684,unknown
355156720,2
355368343,2
122857427,2
355940847,unknown
58506409,1
355110289,unknown
40820323,unknown
158047090,unknown
355107708,unknown
355111373,2
355127360,unknown
355244240,unknown
40820330,unknown
355174193,unknown
355169779,unknown
355179804,1
355213563,unknown
231335113,unknown
179152661,unknown
122932723,1
355961210,unknown
355008593,unknown
355206766,unknown
214066242,unknown
355204397,unknown
355189694,1
355003530,unknown
355215745,unknown
165654007,unknown
214325501,unknown
355126293,2
190818560,unknown
355156737,unknown
301379203,unknown
355124195,2
355177084,unknown
355207226,unknown
355175094,unknown
342781172,unknown
355124238,unknown
315261442,unknown
355168491,unknown
40820325,unknown
355110534,unknown
355004118,unknown
355368326,unknown
355110619,unknown
355371779,unknown
192760631,2
180065941,unknown
355172065,unknown
120976295,2
248009276,2
355173391,unknown
246008373,unknown
355244347,unknown
355006363,unknown
112618841,unknown
355371579,2
139553915,unknown
355210006,unknown
355124245,unknown
355367857,unknown
277438075,unknown
193695980,2
355127781,1
355990120,unknown
355127331,2
189117836,2
355011611,unknown
355093299,2
40820320,unknown
226018856,unknown
355115768,unknown
355009576,unknown
355124082,unknown
40820306,unknown
228840813,unknown
84618024,unknown
355204422,unknown
355169784,2
355368015,unknown
355010337,unknown
97349386,unknown
355120613,unknown
294947527,2
286454045,unknown
355961136,unknown
165653953,unknown
240441340,2
